scope,key,scenario_a_value,scenario_b_value,changed,material_change,status,interpretation,scenario_a_rank,scenario_b_rank,scenario_a_legalpass,scenario_b_legalpass,scenario_a_tier,scenario_b_tier,scenario_a_pareto,scenario_b_pareto,scenario_a_config_hash,scenario_b_config_hash,scenario_a_raw_p,scenario_b_raw_p,scenario_a_holm_p,scenario_b_holm_p
sensitivity_status,C02_vs_C14_canonical_selection,C02,C14,True,True,CHANGED,"C14 is a candidate replicate with unknown seed, not a confirmed controlled replicate; scenario B is statistical sensitivity only",,,,,,,,,,,,,,
ranking,2cb4dcd5bbe11f45df21e07bd9baf934b025b2eefc79fce3a0fe6681157536d8,C15,C15,True,False,,descriptive rank may change because the same config_hash has different saved outputs; this row is not a causal conclusion,12,13,0.067,0.067,1,1,False,False,,,,,,
ranking,30eddf760e02cdf7e3dba179e7f90456e2bd66bd418ffb4abbe93c894da1dbe8,C02,C14,True,False,,descriptive rank may change because the same config_hash has different saved outputs; this row is not a causal conclusion,14,10,0.062,0.07,1,1,True,False,,,,,,
ranking,3bf2dddb3ce10d93570349911f28a851cca7b1391d975496b4f6ad52fd06cc5e,C08,C08,False,False,,descriptive rank may change because the same config_hash has different saved outputs; this row is not a causal conclusion,2,2,0.089,0.089,1,1,True,True,,,,,,
ranking,482db16b9cb3a7957d8b26c1b0659482936374cd0dda8de0c039e385731dc1a1,C18,C18,False,False,,descriptive rank may change because the same config_hash has different saved outputs; this row is not a causal conclusion,5,5,0.083,0.083,1,1,True,True,,,,,,
ranking,612693e89257efbea556329e409e00795052eda6d9d0ad9499ad7c050057cc23,C03,C03,False,False,,descriptive rank may change because the same config_hash has different saved outputs; this row is not a causal conclusion,16,16,0.059,0.059,2,2,False,False,,,,,,
ranking,7ce896085f32bbb04957d3d116ef1a0fa66582bd47e5c9166658242e0410b5ee,C05,C05,False,False,,descriptive rank may change because the same config_hash has different saved outputs; this row is not a causal conclusion,3,3,0.087,0.087,1,1,True,True,,,,,,
ranking,7fd9b6be7b2fa68819e4e9847d8ee724092b1b0446a3af0c5de56e53a433482c,C04,C04,True,False,,descriptive rank may change because the same config_hash has different saved outputs; this row is not a causal conclusion,10,11,0.07,0.07,1,1,False,False,,,,,,
ranking,879abd4533d9b0d07cf69a913c703cad4efe623dc6ecaeb99df9cef8b7a7581d,C12,C12,False,False,,descriptive rank may change because the same config_hash has different saved outputs; this row is not a causal conclusion,1,1,0.09,0.09,1,1,True,True,,,,,,
ranking,a000db175227b76b84ada383d5bc825c2699cc39492749c401abf1cc70808c77,C11,C11,True,False,,descriptive rank may change because the same config_hash has different saved outputs; this row is not a causal conclusion,11,12,0.069,0.069,1,1,True,True,,,,,,
ranking,a222250e6be834ce9c0c9a95666e6ec74efb086499e1e6ee42617fd5a7783f34,C07,C07,False,False,,descriptive rank may change because the same config_hash has different saved outputs; this row is not a causal conclusion,6,6,0.083,0.083,1,1,False,False,,,,,,
ranking,a86b9fef45fab9019b4933934c2b5c068fe6c1d18d87de8304992dcbd081ab3d,C13,C13,False,False,,descriptive rank may change because the same config_hash has different saved outputs; this row is not a causal conclusion,4,4,0.085,0.085,1,1,True,True,,,,,,
ranking,acb3f86f42ab9fbcf34f2de1763a8b8d179daa1b56104f16ed429add8f8ddf67,C06,C06,False,False,,descriptive rank may change because the same config_hash has different saved outputs; this row is not a causal conclusion,8,8,0.077,0.077,1,1,True,True,,,,,,
ranking,da3f812eea2ca139d9208d637f531d885b3735aa2be9f9a2563c1e0eb5642882,C17,C17,False,False,,descriptive rank may change because the same config_hash has different saved outputs; this row is not a causal conclusion,9,9,0.076,0.076,1,1,False,False,,,,,,
ranking,dbdd606368eeb5a57a47b2b72ed988ad18ae778d67ce9de530c281942d8108b4,C16,C16,False,False,,descriptive rank may change because the same config_hash has different saved outputs; this row is not a causal conclusion,15,15,0.061,0.061,1,1,True,True,,,,,,
ranking,dd4a8f47032a345d96575bf854fbcb9ce57f9524e43c1d7a79f19179182d2702,C19,C19,False,False,,descriptive rank may change because the same config_hash has different saved outputs; this row is not a causal conclusion,7,7,0.08,0.08,1,1,True,True,,,,,,
ranking,ee6932382f3ca8c7de3e4c9caa6371a155c698514ff1de94e90a8b1a76298d07,C10,C10,True,False,,descriptive rank may change because the same config_hash has different saved outputs; this row is not a causal conclusion,13,14,0.067,0.067,1,1,False,False,,,,,,
best_observed,best_observed,C12,C12,False,False,,BEST OBSERVED changes only if the configuration hash at the top changes,,,0.09,0.09,,,,,879abd4533d9b0d07cf69a913c703cad4efe623dc6ecaeb99df9cef8b7a7581d,879abd4533d9b0d07cf69a913c703cad4efe623dc6ecaeb99df9cef8b7a7581d,,,,
tiers,tier_1_membership,2cb4dcd5bbe11f45df21e07bd9baf934b025b2eefc79fce3a0fe6681157536d8;30eddf760e02cdf7e3dba179e7f90456e2bd66bd418ffb4abbe93c894da1dbe8;3bf2dddb3ce10d93570349911f28a851cca7b1391d975496b4f6ad52fd06cc5e;482db16b9cb3a7957d8b26c1b0659482936374cd0dda8de0c039e385731dc1a1;7ce896085f32bbb04957d3d116ef1a0fa66582bd47e5c9166658242e0410b5ee;7fd9b6be7b2fa68819e4e9847d8ee724092b1b0446a3af0c5de56e53a433482c;879abd4533d9b0d07cf69a913c703cad4efe623dc6ecaeb99df9cef8b7a7581d;a000db175227b76b84ada383d5bc825c2699cc39492749c401abf1cc70808c77;a222250e6be834ce9c0c9a95666e6ec74efb086499e1e6ee42617fd5a7783f34;a86b9fef45fab9019b4933934c2b5c068fe6c1d18d87de8304992dcbd081ab3d;acb3f86f42ab9fbcf34f2de1763a8b8d179daa1b56104f16ed429add8f8ddf67;da3f812eea2ca139d9208d637f531d885b3735aa2be9f9a2563c1e0eb5642882;dbdd606368eeb5a57a47b2b72ed988ad18ae778d67ce9de530c281942d8108b4;dd4a8f47032a345d96575bf854fbcb9ce57f9524e43c1d7a79f19179182d2702;ee6932382f3ca8c7de3e4c9caa6371a155c698514ff1de94e90a8b1a76298d07,2cb4dcd5bbe11f45df21e07bd9baf934b025b2eefc79fce3a0fe6681157536d8;30eddf760e02cdf7e3dba179e7f90456e2bd66bd418ffb4abbe93c894da1dbe8;3bf2dddb3ce10d93570349911f28a851cca7b1391d975496b4f6ad52fd06cc5e;482db16b9cb3a7957d8b26c1b0659482936374cd0dda8de0c039e385731dc1a1;7ce896085f32bbb04957d3d116ef1a0fa66582bd47e5c9166658242e0410b5ee;7fd9b6be7b2fa68819e4e9847d8ee724092b1b0446a3af0c5de56e53a433482c;879abd4533d9b0d07cf69a913c703cad4efe623dc6ecaeb99df9cef8b7a7581d;a000db175227b76b84ada383d5bc825c2699cc39492749c401abf1cc70808c77;a222250e6be834ce9c0c9a95666e6ec74efb086499e1e6ee42617fd5a7783f34;a86b9fef45fab9019b4933934c2b5c068fe6c1d18d87de8304992dcbd081ab3d;acb3f86f42ab9fbcf34f2de1763a8b8d179daa1b56104f16ed429add8f8ddf67;da3f812eea2ca139d9208d637f531d885b3735aa2be9f9a2563c1e0eb5642882;dbdd606368eeb5a57a47b2b72ed988ad18ae778d67ce9de530c281942d8108b4;dd4a8f47032a345d96575bf854fbcb9ce57f9524e43c1d7a79f19179182d2702;ee6932382f3ca8c7de3e4c9caa6371a155c698514ff1de94e90a8b1a76298d07,False,False,,"Tier 1 is non-distinguishability from the best after Holm, not equivalence",,,,,,,,,,,,,,
pareto_front,pareto_membership,30eddf760e02cdf7e3dba179e7f90456e2bd66bd418ffb4abbe93c894da1dbe8;3bf2dddb3ce10d93570349911f28a851cca7b1391d975496b4f6ad52fd06cc5e;482db16b9cb3a7957d8b26c1b0659482936374cd0dda8de0c039e385731dc1a1;7ce896085f32bbb04957d3d116ef1a0fa66582bd47e5c9166658242e0410b5ee;879abd4533d9b0d07cf69a913c703cad4efe623dc6ecaeb99df9cef8b7a7581d;a000db175227b76b84ada383d5bc825c2699cc39492749c401abf1cc70808c77;a86b9fef45fab9019b4933934c2b5c068fe6c1d18d87de8304992dcbd081ab3d;acb3f86f42ab9fbcf34f2de1763a8b8d179daa1b56104f16ed429add8f8ddf67;dbdd606368eeb5a57a47b2b72ed988ad18ae778d67ce9de530c281942d8108b4;dd4a8f47032a345d96575bf854fbcb9ce57f9524e43c1d7a79f19179182d2702,3bf2dddb3ce10d93570349911f28a851cca7b1391d975496b4f6ad52fd06cc5e;482db16b9cb3a7957d8b26c1b0659482936374cd0dda8de0c039e385731dc1a1;7ce896085f32bbb04957d3d116ef1a0fa66582bd47e5c9166658242e0410b5ee;879abd4533d9b0d07cf69a913c703cad4efe623dc6ecaeb99df9cef8b7a7581d;a000db175227b76b84ada383d5bc825c2699cc39492749c401abf1cc70808c77;a86b9fef45fab9019b4933934c2b5c068fe6c1d18d87de8304992dcbd081ab3d;acb3f86f42ab9fbcf34f2de1763a8b8d179daa1b56104f16ed429add8f8ddf67;dbdd606368eeb5a57a47b2b72ed988ad18ae778d67ce9de530c281942d8108b4;dd4a8f47032a345d96575bf854fbcb9ce57f9524e43c1d7a79f19179182d2702,True,True,,descriptive multi-objective screen; not statistical superiority,,,,,,,,,,,,,,
pairwise_significance,holm_significant_pairs,612693e89257efbea556329e409e00795052eda6d9d0ad9499ad7c050057cc23|879abd4533d9b0d07cf69a913c703cad4efe623dc6ecaeb99df9cef8b7a7581d,612693e89257efbea556329e409e00795052eda6d9d0ad9499ad7c050057cc23|879abd4533d9b0d07cf69a913c703cad4efe623dc6ecaeb99df9cef8b7a7581d,False,False,,primary LegalPass significance set after Holm,,,,,,,,,,,,,,
pairwise_holm_p,2cb4dcd5bbe11f45df21e07bd9baf934b025b2eefc79fce3a0fe6681157536d8|30eddf760e02cdf7e3dba179e7f90456e2bd66bd418ffb4abbe93c894da1dbe8,1.0,1.0,False,False,,Holm-adjusted p-value; material only when significance decision changes,,,,,,,,,,,0.5600646295802107,0.7428293587290682,,
pairwise_holm_p,2cb4dcd5bbe11f45df21e07bd9baf934b025b2eefc79fce3a0fe6681157536d8|3bf2dddb3ce10d93570349911f28a851cca7b1391d975496b4f6ad52fd06cc5e,1.0,1.0,False,False,,Holm-adjusted p-value; material only when significance decision changes,,,,,,,,,,,0.015440262020906361,0.015440262020906361,,
pairwise_holm_p,2cb4dcd5bbe11f45df21e07bd9baf934b025b2eefc79fce3a0fe6681157536d8|482db16b9cb3a7957d8b26c1b0659482936374cd0dda8de0c039e385731dc1a1,1.0,1.0,False,False,,Holm-adjusted p-value; material only when significance decision changes,,,,,,,,,,,0.07223792719176259,0.07223792719176259,,
pairwise_holm_p,2cb4dcd5bbe11f45df21e07bd9baf934b025b2eefc79fce3a0fe6681157536d8|612693e89257efbea556329e409e00795052eda6d9d0ad9499ad7c050057cc23,1.0,1.0,False,False,,Holm-adjusted p-value; material only when significance decision changes,,,,,,,,,,,0.22948101302608848,0.22948101302608848,,
pairwise_holm_p,2cb4dcd5bbe11f45df21e07bd9baf934b025b2eefc79fce3a0fe6681157536d8|7ce896085f32bbb04957d3d116ef1a0fa66582bd47e5c9166658242e0410b5ee,1.0,1.0,False,False,,Holm-adjusted p-value; material only when significance decision changes,,,,,,,,,,,0.024460907328324375,0.024460907328324375,,
pairwise_holm_p,2cb4dcd5bbe11f45df21e07bd9baf934b025b2eefc79fce3a0fe6681157536d8|7fd9b6be7b2fa68819e4e9847d8ee724092b1b0446a3af0c5de56e53a433482c,1.0,1.0,False,False,,Holm-adjusted p-value; material only when significance decision changes,,,,,,,,,,,0.7877061896700435,0.7877061896700435,,
pairwise_holm_p,2cb4dcd5bbe11f45df21e07bd9baf934b025b2eefc79fce3a0fe6681157536d8|879abd4533d9b0d07cf69a913c703cad4efe623dc6ecaeb99df9cef8b7a7581d,0.6451092245355047,0.6628645242933626,True,False,,Holm-adjusted p-value; material only when significance decision changes,,,,,,,,,,,0.005918433252619309,0.005918433252619309,,
pairwise_holm_p,2cb4dcd5bbe11f45df21e07bd9baf934b025b2eefc79fce3a0fe6681157536d8|a000db175227b76b84ada383d5bc825c2699cc39492749c401abf1cc70808c77,1.0,1.0,False,False,,Holm-adjusted p-value; material only when significance decision changes,,,,,,,,,,,0.8919231511047494,0.8919231511047494,,
pairwise_holm_p,2cb4dcd5bbe11f45df21e07bd9baf934b025b2eefc79fce3a0fe6681157536d8|a222250e6be834ce9c0c9a95666e6ec74efb086499e1e6ee42617fd5a7783f34,1.0,1.0,False,False,,Holm-adjusted p-value; material only when significance decision changes,,,,,,,,,,,0.06811867428409976,0.06811867428409976,,
pairwise_holm_p,2cb4dcd5bbe11f45df21e07bd9baf934b025b2eefc79fce3a0fe6681157536d8|a86b9fef45fab9019b4933934c2b5c068fe6c1d18d87de8304992dcbd081ab3d,1.0,1.0,False,False,,Holm-adjusted p-value; material only when significance decision changes,,,,,,,,,,,0.03558272445223169,0.03558272445223169,,
pairwise_holm_p,2cb4dcd5bbe11f45df21e07bd9baf934b025b2eefc79fce3a0fe6681157536d8|acb3f86f42ab9fbcf34f2de1763a8b8d179daa1b56104f16ed429add8f8ddf67,1.0,1.0,False,False,,Holm-adjusted p-value; material only when significance decision changes,,,,,,,,,,,0.3018724904870077,0.3018724904870077,,
pairwise_holm_p,2cb4dcd5bbe11f45df21e07bd9baf934b025b2eefc79fce3a0fe6681157536d8|da3f812eea2ca139d9208d637f531d885b3735aa2be9f9a2563c1e0eb5642882,1.0,1.0,False,False,,Holm-adjusted p-value; material only when significance decision changes,,,,,,,,,,,0.3210841356849956,0.3210841356849956,,
pairwise_holm_p,2cb4dcd5bbe11f45df21e07bd9baf934b025b2eefc79fce3a0fe6681157536d8|dbdd606368eeb5a57a47b2b72ed988ad18ae778d67ce9de530c281942d8108b4,1.0,1.0,False,False,,Holm-adjusted p-value; material only when significance decision changes,,,,,,,,,,,0.42959050784338615,0.42959050784338615,,
pairwise_holm_p,2cb4dcd5bbe11f45df21e07bd9baf934b025b2eefc79fce3a0fe6681157536d8|dd4a8f47032a345d96575bf854fbcb9ce57f9524e43c1d7a79f19179182d2702,1.0,1.0,False,False,,Holm-adjusted p-value; material only when significance decision changes,,,,,,,,,,,0.1539127693264563,0.1539127693264563,,
pairwise_holm_p,2cb4dcd5bbe11f45df21e07bd9baf934b025b2eefc79fce3a0fe6681157536d8|ee6932382f3ca8c7de3e4c9caa6371a155c698514ff1de94e90a8b1a76298d07,1.0,1.0,False,False,,Holm-adjusted p-value; material only when significance decision changes,,,,,,,,,,,1.0,1.0,,
pairwise_holm_p,30eddf760e02cdf7e3dba179e7f90456e2bd66bd418ffb4abbe93c894da1dbe8|3bf2dddb3ce10d93570349911f28a851cca7b1391d975496b4f6ad52fd06cc5e,0.35649719042952804,1.0,True,False,,Holm-adjusted p-value; material only when significance decision changes,,,,,,,,,,,0.0031830106288350717,0.03695490402736831,,
pairwise_holm_p,30eddf760e02cdf7e3dba179e7f90456e2bd66bd418ffb4abbe93c894da1dbe8|482db16b9cb3a7957d8b26c1b0659482936374cd0dda8de0c039e385731dc1a1,1.0,1.0,False,False,,Holm-adjusted p-value; material only when significance decision changes,,,,,,,,,,,0.013933875024287792,0.14207137942637568,,
pairwise_holm_p,30eddf760e02cdf7e3dba179e7f90456e2bd66bd418ffb4abbe93c894da1dbe8|612693e89257efbea556329e409e00795052eda6d9d0ad9499ad7c050057cc23,1.0,1.0,False,False,,Holm-adjusted p-value; material only when significance decision changes,,,,,,,,,,,0.7607916425613439,0.08014331245794892,,
pairwise_holm_p,30eddf760e02cdf7e3dba179e7f90456e2bd66bd418ffb4abbe93c894da1dbe8|7ce896085f32bbb04957d3d116ef1a0fa66582bd47e5c9166658242e0410b5ee,0.5751067304415711,1.0,True,False,,Holm-adjusted p-value; material only when significance decision changes,,,,,,,,,,,0.0052282430040142824,0.053289363816513634,,
pairwise_holm_p,30eddf760e02cdf7e3dba179e7f90456e2bd66bd418ffb4abbe93c894da1dbe8|7fd9b6be7b2fa68819e4e9847d8ee724092b1b0446a3af0c5de56e53a433482c,1.0,1.0,False,False,,Holm-adjusted p-value; material only when significance decision changes,,,,,,,,,,,0.36629400670329104,1.0,,
pairwise_holm_p,30eddf760e02cdf7e3dba179e7f90456e2bd66bd418ffb4abbe93c894da1dbe8|879abd4533d9b0d07cf69a913c703cad4efe623dc6ecaeb99df9cef8b7a7581d,0.08922063354744426,1.0,True,False,,Holm-adjusted p-value; material only when significance decision changes,,,,,,,,,,,0.0007561070639613921,0.01348929373119186,,
pairwise_holm_p,30eddf760e02cdf7e3dba179e7f90456e2bd66bd418ffb4abbe93c894da1dbe8|a000db175227b76b84ada383d5bc825c2699cc39492749c401abf1cc70808c77,1.0,1.0,False,False,,Holm-adjusted p-value; material only when significance decision changes,,,,,,,,,,,0.4101027163746913,1.0,,
pairwise_holm_p,30eddf760e02cdf7e3dba179e7f90456e2bd66bd418ffb4abbe93c894da1dbe8|a222250e6be834ce9c0c9a95666e6ec74efb086499e1e6ee42617fd5a7783f34,1.0,1.0,False,False,,Holm-adjusted p-value; material only when significance decision changes,,,,,,,,,,,0.018617751433194638,0.14207137942637568,,
pairwise_holm_p,30eddf760e02cdf7e3dba179e7f90456e2bd66bd418ffb4abbe93c894da1dbe8|a86b9fef45fab9019b4933934c2b5c068fe6c1d18d87de8304992dcbd081ab3d,0.8982265427828099,1.0,True,False,,Holm-adjusted p-value; material only when significance decision changes,,,,,,,,,,,0.008554538502693427,0.06744461190078899,,
pairwise_holm_p,30eddf760e02cdf7e3dba179e7f90456e2bd66bd418ffb4abbe93c894da1dbe8|acb3f86f42ab9fbcf34f2de1763a8b8d179daa1b56104f16ed429add8f8ddf67,1.0,1.0,False,False,,Holm-adjusted p-value; material only when significance decision changes,,,,,,,,,,,0.1006436775202357,0.4638176178968696,,
pairwise_holm_p,30eddf760e02cdf7e3dba179e7f90456e2bd66bd418ffb4abbe93c894da1dbe8|da3f812eea2ca139d9208d637f531d885b3735aa2be9f9a2563c1e0eb5642882,1.0,1.0,False,False,,Holm-adjusted p-value; material only when significance decision changes,,,,,,,,,,,0.1088569644097161,0.5257733601756501,,
pairwise_holm_p,30eddf760e02cdf7e3dba179e7f90456e2bd66bd418ffb4abbe93c894da1dbe8|dbdd606368eeb5a57a47b2b72ed988ad18ae778d67ce9de530c281942d8108b4,1.0,1.0,False,False,,Holm-adjusted p-value; material only when significance decision changes,,,,,,,,,,,1.0,0.2220528201560228,,
pairwise_holm_p,30eddf760e02cdf7e3dba179e7f90456e2bd66bd418ffb4abbe93c894da1dbe8|dd4a8f47032a345d96575bf854fbcb9ce57f9524e43c1d7a79f19179182d2702,1.0,1.0,False,False,,Holm-adjusted p-value; material only when significance decision changes,,,,,,,,,,,0.0327657590988232,0.2604354765766535,,
pairwise_holm_p,30eddf760e02cdf7e3dba179e7f90456e2bd66bd418ffb4abbe93c894da1dbe8|ee6932382f3ca8c7de3e4c9caa6371a155c698514ff1de94e90a8b1a76298d07,1.0,1.0,False,False,,Holm-adjusted p-value; material only when significance decision changes,,,,,,,,,,,0.5600646295802107,0.7754496546815659,,
pairwise_holm_p,3bf2dddb3ce10d93570349911f28a851cca7b1391d975496b4f6ad52fd06cc5e|482db16b9cb3a7957d8b26c1b0659482936374cd0dda8de0c039e385731dc1a1,1.0,1.0,False,False,,Holm-adjusted p-value; material only when significance decision changes,,,,,,,,,,,0.5118423084381689,0.5118423084381689,,
pairwise_holm_p,3bf2dddb3ce10d93570349911f28a851cca7b1391d975496b4f6ad52fd06cc5e|612693e89257efbea556329e409e00795052eda6d9d0ad9499ad7c050057cc23,0.1231699783103413,0.12422271316769463,True,False,,Holm-adjusted p-value; material only when significance decision changes,,,,,,,,,,,0.0010527348573533444,0.0010527348573533444,,
pairwise_holm_p,3bf2dddb3ce10d93570349911f28a851cca7b1391d975496b4f6ad52fd06cc5e|7ce896085f32bbb04957d3d116ef1a0fa66582bd47e5c9166658242e0410b5ee,1.0,1.0,False,False,,Holm-adjusted p-value; material only when significance decision changes,,,,,,,,,,,0.8898839652765371,0.8898839652765371,,
pairwise_holm_p,3bf2dddb3ce10d93570349911f28a851cca7b1391d975496b4f6ad52fd06cc5e|7fd9b6be7b2fa68819e4e9847d8ee724092b1b0446a3af0c5de56e53a433482c,1.0,1.0,False,False,,Holm-adjusted p-value; material only when significance decision changes,,,,,,,,,,,0.04482852238579866,0.04482852238579866,,
pairwise_holm_p,3bf2dddb3ce10d93570349911f28a851cca7b1391d975496b4f6ad52fd06cc5e|879abd4533d9b0d07cf69a913c703cad4efe623dc6ecaeb99df9cef8b7a7581d,1.0,1.0,False,False,,Holm-adjusted p-value; material only when significance decision changes,,,,,,,,,,,1.0,1.0,,
pairwise_holm_p,3bf2dddb3ce10d93570349911f28a851cca7b1391d975496b4f6ad52fd06cc5e|a000db175227b76b84ada383d5bc825c2699cc39492749c401abf1cc70808c77,1.0,1.0,False,False,,Holm-adjusted p-value; material only when significance decision changes,,,,,,,,,,,0.024460907328324375,0.024460907328324375,,
pairwise_holm_p,3bf2dddb3ce10d93570349911f28a851cca7b1391d975496b4f6ad52fd06cc5e|a222250e6be834ce9c0c9a95666e6ec74efb086499e1e6ee42617fd5a7783f34,1.0,1.0,False,False,,Holm-adjusted p-value; material only when significance decision changes,,,,,,,,,,,0.5044037600228256,0.5044037600228256,,
pairwise_holm_p,3bf2dddb3ce10d93570349911f28a851cca7b1391d975496b4f6ad52fd06cc5e|a86b9fef45fab9019b4933934c2b5c068fe6c1d18d87de8304992dcbd081ab3d,1.0,1.0,False,False,,Holm-adjusted p-value; material only when significance decision changes,,,,,,,,,,,0.6654658120766186,0.6654658120766186,,
pairwise_holm_p,3bf2dddb3ce10d93570349911f28a851cca7b1391d975496b4f6ad52fd06cc5e|acb3f86f42ab9fbcf34f2de1763a8b8d179daa1b56104f16ed429add8f8ddf67,1.0,1.0,False,False,,Holm-adjusted p-value; material only when significance decision changes,,,,,,,,,,,0.12634707581392135,0.12634707581392135,,
pairwise_holm_p,3bf2dddb3ce10d93570349911f28a851cca7b1391d975496b4f6ad52fd06cc5e|da3f812eea2ca139d9208d637f531d885b3735aa2be9f9a2563c1e0eb5642882,1.0,1.0,False,False,,Holm-adjusted p-value; material only when significance decision changes,,,,,,,,,,,0.09837064844049181,0.09837064844049181,,
pairwise_holm_p,3bf2dddb3ce10d93570349911f28a851cca7b1391d975496b4f6ad52fd06cc5e|dbdd606368eeb5a57a47b2b72ed988ad18ae778d67ce9de530c281942d8108b4,0.2026152803381718,0.20437715234111242,True,False,,Holm-adjusted p-value; material only when significance decision changes,,,,,,,,,,,0.0017618720029406244,0.0017618720029406244,,
pairwise_holm_p,3bf2dddb3ce10d93570349911f28a851cca7b1391d975496b4f6ad52fd06cc5e|dd4a8f47032a345d96575bf854fbcb9ce57f9524e43c1d7a79f19179182d2702,1.0,1.0,False,False,,Holm-adjusted p-value; material only when significance decision changes,,,,,,,,,,,0.2624375357110438,0.2624375357110438,,
pairwise_holm_p,3bf2dddb3ce10d93570349911f28a851cca7b1391d975496b4f6ad52fd06cc5e|ee6932382f3ca8c7de3e4c9caa6371a155c698514ff1de94e90a8b1a76298d07,1.0,1.0,False,False,,Holm-adjusted p-value; material only when significance decision changes,,,,,,,,,,,0.015440262020906361,0.015440262020906361,,
pairwise_holm_p,482db16b9cb3a7957d8b26c1b0659482936374cd0dda8de0c039e385731dc1a1|612693e89257efbea556329e409e00795052eda6d9d0ad9499ad7c050057cc23,0.5442754593155086,0.5540822243482204,True,False,,Holm-adjusted p-value; material only when significance decision changes,,,,,,,,,,,0.004903382516355933,0.004903382516355933,,
pairwise_holm_p,482db16b9cb3a7957d8b26c1b0659482936374cd0dda8de0c039e385731dc1a1|7ce896085f32bbb04957d3d116ef1a0fa66582bd47e5c9166658242e0410b5ee,1.0,1.0,False,False,,Holm-adjusted p-value; material only when significance decision changes,,,,,,,,,,,0.6778086391424605,0.6778086391424605,,
pairwise_holm_p,482db16b9cb3a7957d8b26c1b0659482936374cd0dda8de0c039e385731dc1a1|7fd9b6be7b2fa68819e4e9847d8ee724092b1b0446a3af0c5de56e53a433482c,1.0,1.0,False,False,,Holm-adjusted p-value; material only when significance decision changes,,,,,,,,,,,0.1654279417242567,0.1654279417242567,,
pairwise_holm_p,482db16b9cb3a7957d8b26c1b0659482936374cd0dda8de0c039e385731dc1a1|879abd4533d9b0d07cf69a913c703cad4efe623dc6ecaeb99df9cef8b7a7581d,1.0,1.0,False,False,,Holm-adjusted p-value; material only when significance decision changes,,,,,,,,,,,0.4101027163746913,0.4101027163746913,,
pairwise_holm_p,482db16b9cb3a7957d8b26c1b0659482936374cd0dda8de0c039e385731dc1a1|a000db175227b76b84ada383d5bc825c2699cc39492749c401abf1cc70808c77,1.0,1.0,False,False,,Holm-adjusted p-value; material only when significance decision changes,,,,,,,,,,,0.1088569644097161,0.1088569644097161,,
pairwise_holm_p,482db16b9cb3a7957d8b26c1b0659482936374cd0dda8de0c039e385731dc1a1|a222250e6be834ce9c0c9a95666e6ec74efb086499e1e6ee42617fd5a7783f34,1.0,1.0,False,False,,Holm-adjusted p-value; material only when significance decision changes,,,,,,,,,,,1.0,1.0,,
pairwise_holm_p,482db16b9cb3a7957d8b26c1b0659482936374cd0dda8de0c039e385731dc1a1|a86b9fef45fab9019b4933934c2b5c068fe6c1d18d87de8304992dcbd081ab3d,1.0,1.0,False,False,,Holm-adjusted p-value; material only when significance decision changes,,,,,,,,,,,0.887724827340783,0.887724827340783,,
pairwise_holm_p,482db16b9cb3a7957d8b26c1b0659482936374cd0dda8de0c039e385731dc1a1|acb3f86f42ab9fbcf34f2de1763a8b8d179daa1b56104f16ed429add8f8ddf67,1.0,1.0,False,False,,Holm-adjusted p-value; material only when significance decision changes,,,,,,,,,,,0.4966174353179338,0.4966174353179338,,
pairwise_holm_p,482db16b9cb3a7957d8b26c1b0659482936374cd0dda8de0c039e385731dc1a1|da3f812eea2ca139d9208d637f531d885b3735aa2be9f9a2563c1e0eb5642882,1.0,1.0,False,False,,Holm-adjusted p-value; material only when significance decision changes,,,,,,,,,,,0.296206368599087,0.296206368599087,,
pairwise_holm_p,482db16b9cb3a7957d8b26c1b0659482936374cd0dda8de0c039e385731dc1a1|dbdd606368eeb5a57a47b2b72ed988ad18ae778d67ce9de530c281942d8108b4,1.0,1.0,False,False,,Holm-adjusted p-value; material only when significance decision changes,,,,,,,,,,,0.011526409654363481,0.011526409654363481,,
pairwise_holm_p,482db16b9cb3a7957d8b26c1b0659482936374cd0dda8de0c039e385731dc1a1|dd4a8f47032a345d96575bf854fbcb9ce57f9524e43c1d7a79f19179182d2702,1.0,1.0,False,False,,Holm-adjusted p-value; material only when significance decision changes,,,,,,,,,,,0.755228657504631,0.755228657504631,,
pairwise_holm_p,482db16b9cb3a7957d8b26c1b0659482936374cd0dda8de0c039e385731dc1a1|ee6932382f3ca8c7de3e4c9caa6371a155c698514ff1de94e90a8b1a76298d07,1.0,1.0,False,False,,Holm-adjusted p-value; material only when significance decision changes,,,,,,,,,,,0.06401750413722564,0.06401750413722564,,
pairwise_holm_p,612693e89257efbea556329e409e00795052eda6d9d0ad9499ad7c050057cc23|7ce896085f32bbb04957d3d116ef1a0fa66582bd47e5c9166658242e0410b5ee,0.15005585567044943,0.15134944063312572,True,False,,Holm-adjusted p-value; material only when significance decision changes,,,,,,,,,,,0.0012935849626762883,0.0012935849626762883,,
pairwise_holm_p,612693e89257efbea556329e409e00795052eda6d9d0ad9499ad7c050057cc23|7fd9b6be7b2fa68819e4e9847d8ee724092b1b0446a3af0c5de56e53a433482c,1.0,1.0,False,False,,Holm-adjusted p-value; material only when significance decision changes,,,,,,,,,,,0.16897782228771874,0.16897782228771874,,
pairwise_holm_p,612693e89257efbea556329e409e00795052eda6d9d0ad9499ad7c050057cc23|879abd4533d9b0d07cf69a913c703cad4efe623dc6ecaeb99df9cef8b7a7581d,0.023315734369777737,0.023315734369777737,False,False,,Holm-adjusted p-value; material only when significance decision changes,,,,,,,,,,,0.00019429778641481447,0.00019429778641481447,,
pairwise_holm_p,612693e89257efbea556329e409e00795052eda6d9d0ad9499ad7c050057cc23|a000db175227b76b84ada383d5bc825c2699cc39492749c401abf1cc70808c77,1.0,1.0,False,False,,Holm-adjusted p-value; material only when significance decision changes,,,,,,,,,,,0.21160856876151612,0.21160856876151612,,
pairwise_holm_p,612693e89257efbea556329e409e00795052eda6d9d0ad9499ad7c050057cc23|a222250e6be834ce9c0c9a95666e6ec74efb086499e1e6ee42617fd5a7783f34,0.6814613498759331,0.7003908318169312,True,False,,Holm-adjusted p-value; material only when significance decision changes,,,,,,,,,,,0.006309827313666047,0.006309827313666047,,
pairwise_holm_p,612693e89257efbea556329e409e00795052eda6d9d0ad9499ad7c050057cc23|a86b9fef45fab9019b4933934c2b5c068fe6c1d18d87de8304992dcbd081ab3d,0.24923172225622345,0.2514179654339096,True,False,,Holm-adjusted p-value; material only when significance decision changes,,,,,,,,,,,0.0021862431776861705,0.0021862431776861705,,
pairwise_holm_p,612693e89257efbea556329e409e00795052eda6d9d0ad9499ad7c050057cc23|acb3f86f42ab9fbcf34f2de1763a8b8d179daa1b56104f16ed429add8f8ddf67,1.0,1.0,False,False,,Holm-adjusted p-value; material only when significance decision changes,,,,,,,,,,,0.05045241024721763,0.05045241024721763,,
pairwise_holm_p,612693e89257efbea556329e409e00795052eda6d9d0ad9499ad7c050057cc23|da3f812eea2ca139d9208d637f531d885b3735aa2be9f9a2563c1e0eb5642882,1.0,1.0,False,False,,Holm-adjusted p-value; material only when significance decision changes,,,,,,,,,,,0.049800114294728665,0.049800114294728665,,
pairwise_holm_p,612693e89257efbea556329e409e00795052eda6d9d0ad9499ad7c050057cc23|dbdd606368eeb5a57a47b2b72ed988ad18ae778d67ce9de530c281942d8108b4,1.0,1.0,False,False,,Holm-adjusted p-value; material only when significance decision changes,,,,,,,,,,,0.8714146793645341,0.8714146793645341,,
pairwise_holm_p,612693e89257efbea556329e409e00795052eda6d9d0ad9499ad7c050057cc23|dd4a8f47032a345d96575bf854fbcb9ce57f9524e43c1d7a79f19179182d2702,1.0,1.0,False,False,,Holm-adjusted p-value; material only when significance decision changes,,,,,,,,,,,0.015432297453701265,0.015432297453701265,,
pairwise_holm_p,612693e89257efbea556329e409e00795052eda6d9d0ad9499ad7c050057cc23|ee6932382f3ca8c7de3e4c9caa6371a155c698514ff1de94e90a8b1a76298d07,1.0,1.0,False,False,,Holm-adjusted p-value; material only when significance decision changes,,,,,,,,,,,0.3222363203575469,0.3222363203575469,,
pairwise_holm_p,7ce896085f32bbb04957d3d116ef1a0fa66582bd47e5c9166658242e0410b5ee|7fd9b6be7b2fa68819e4e9847d8ee724092b1b0446a3af0c5de56e53a433482c,1.0,1.0,False,False,,Holm-adjusted p-value; material only when significance decision changes,,,,,,,,,,,0.07116340869529117,0.07116340869529117,,
pairwise_holm_p,7ce896085f32bbb04957d3d116ef1a0fa66582bd47e5c9166658242e0410b5ee|879abd4533d9b0d07cf69a913c703cad4efe623dc6ecaeb99df9cef8b7a7581d,1.0,1.0,False,False,,Holm-adjusted p-value; material only when significance decision changes,,,,,,,,,,,0.7492586247608415,0.7492586247608415,,
pairwise_holm_p,7ce896085f32bbb04957d3d116ef1a0fa66582bd47e5c9166658242e0410b5ee|a000db175227b76b84ada383d5bc825c2699cc39492749c401abf1cc70808c77,1.0,1.0,False,False,,Holm-adjusted p-value; material only when significance decision changes,,,,,,,,,,,0.038460053348927506,0.038460053348927506,,
pairwise_holm_p,7ce896085f32bbb04957d3d116ef1a0fa66582bd47e5c9166658242e0410b5ee|a222250e6be834ce9c0c9a95666e6ec74efb086499e1e6ee42617fd5a7783f34,1.0,1.0,False,False,,Holm-adjusted p-value; material only when significance decision changes,,,,,,,,,,,0.6439689563703723,0.6439689563703723,,
pairwise_holm_p,7ce896085f32bbb04957d3d116ef1a0fa66582bd47e5c9166658242e0410b5ee|a86b9fef45fab9019b4933934c2b5c068fe6c1d18d87de8304992dcbd081ab3d,1.0,1.0,False,False,,Holm-adjusted p-value; material only when significance decision changes,,,,,,,,,,,0.860050065908581,0.860050065908581,,
pairwise_holm_p,7ce896085f32bbb04957d3d116ef1a0fa66582bd47e5c9166658242e0410b5ee|acb3f86f42ab9fbcf34f2de1763a8b8d179daa1b56104f16ed429add8f8ddf67,1.0,1.0,False,False,,Holm-adjusted p-value; material only when significance decision changes,,,,,,,,,,,0.16414940178310644,0.16414940178310644,,
pairwise_holm_p,7ce896085f32bbb04957d3d116ef1a0fa66582bd47e5c9166658242e0410b5ee|da3f812eea2ca139d9208d637f531d885b3735aa2be9f9a2563c1e0eb5642882,1.0,1.0,False,False,,Holm-adjusted p-value; material only when significance decision changes,,,,,,,,,,,0.14386508844054902,0.14386508844054902,,
pairwise_holm_p,7ce896085f32bbb04957d3d116ef1a0fa66582bd47e5c9166658242e0410b5ee|dbdd606368eeb5a57a47b2b72ed988ad18ae778d67ce9de530c281942d8108b4,0.3325319399041223,0.33547470043424726,True,False,,Holm-adjusted p-value; material only when significance decision changes,,,,,,,,,,,0.002942760530124976,0.002942760530124976,,
pairwise_holm_p,7ce896085f32bbb04957d3d116ef1a0fa66582bd47e5c9166658242e0410b5ee|dd4a8f47032a345d96575bf854fbcb9ce57f9524e43c1d7a79f19179182d2702,1.0,1.0,False,False,,Holm-adjusted p-value; material only when significance decision changes,,,,,,,,,,,0.38169339766321286,0.38169339766321286,,
pairwise_holm_p,7ce896085f32bbb04957d3d116ef1a0fa66582bd47e5c9166658242e0410b5ee|ee6932382f3ca8c7de3e4c9caa6371a155c698514ff1de94e90a8b1a76298d07,1.0,1.0,False,False,,Holm-adjusted p-value; material only when significance decision changes,,,,,,,,,,,0.026516832550684835,0.026516832550684835,,
pairwise_holm_p,7fd9b6be7b2fa68819e4e9847d8ee724092b1b0446a3af0c5de56e53a433482c|879abd4533d9b0d07cf69a913c703cad4efe623dc6ecaeb99df9cef8b7a7581d,1.0,1.0,False,False,,Holm-adjusted p-value; material only when significance decision changes,,,,,,,,,,,0.030786495821399938,0.030786495821399938,,
pairwise_holm_p,7fd9b6be7b2fa68819e4e9847d8ee724092b1b0446a3af0c5de56e53a433482c|a000db175227b76b84ada383d5bc825c2699cc39492749c401abf1cc70808c77,1.0,1.0,False,False,,Holm-adjusted p-value; material only when significance decision changes,,,,,,,,,,,1.0,1.0,,
pairwise_holm_p,7fd9b6be7b2fa68819e4e9847d8ee724092b1b0446a3af0c5de56e53a433482c|a222250e6be834ce9c0c9a95666e6ec74efb086499e1e6ee42617fd5a7783f34,1.0,1.0,False,False,,Holm-adjusted p-value; material only when significance decision changes,,,,,,,,,,,0.17661055306016413,0.17661055306016413,,
pairwise_holm_p,7fd9b6be7b2fa68819e4e9847d8ee724092b1b0446a3af0c5de56e53a433482c|a86b9fef45fab9019b4933934c2b5c068fe6c1d18d87de8304992dcbd081ab3d,1.0,1.0,False,False,,Holm-adjusted p-value; material only when significance decision changes,,,,,,,,,,,0.10534226887460488,0.10534226887460488,,
pairwise_holm_p,7fd9b6be7b2fa68819e4e9847d8ee724092b1b0446a3af0c5de56e53a433482c|acb3f86f42ab9fbcf34f2de1763a8b8d179daa1b56104f16ed429add8f8ddf67,1.0,1.0,False,False,,Holm-adjusted p-value; material only when significance decision changes,,,,,,,,,,,0.48868297090314333,0.48868297090314333,,
pairwise_holm_p,7fd9b6be7b2fa68819e4e9847d8ee724092b1b0446a3af0c5de56e53a433482c|da3f812eea2ca139d9208d637f531d885b3735aa2be9f9a2563c1e0eb5642882,1.0,1.0,False,False,,Holm-adjusted p-value; material only when significance decision changes,,,,,,,,,,,0.5504125118224712,0.5504125118224712,,
pairwise_holm_p,7fd9b6be7b2fa68819e4e9847d8ee724092b1b0446a3af0c5de56e53a433482c|dbdd606368eeb5a57a47b2b72ed988ad18ae778d67ce9de530c281942d8108b4,1.0,1.0,False,False,,Holm-adjusted p-value; material only when significance decision changes,,,,,,,,,,,0.2806097176983542,0.2806097176983542,,
pairwise_holm_p,7fd9b6be7b2fa68819e4e9847d8ee724092b1b0446a3af0c5de56e53a433482c|dd4a8f47032a345d96575bf854fbcb9ce57f9524e43c1d7a79f19179182d2702,1.0,1.0,False,False,,Holm-adjusted p-value; material only when significance decision changes,,,,,,,,,,,0.28878428041410487,0.28878428041410487,,
pairwise_holm_p,7fd9b6be7b2fa68819e4e9847d8ee724092b1b0446a3af0c5de56e53a433482c|ee6932382f3ca8c7de3e4c9caa6371a155c698514ff1de94e90a8b1a76298d07,1.0,1.0,False,False,,Holm-adjusted p-value; material only when significance decision changes,,,,,,,,,,,0.7797679305530743,0.7797679305530743,,
pairwise_holm_p,879abd4533d9b0d07cf69a913c703cad4efe623dc6ecaeb99df9cef8b7a7581d|a000db175227b76b84ada383d5bc825c2699cc39492749c401abf1cc70808c77,1.0,1.0,False,False,,Holm-adjusted p-value; material only when significance decision changes,,,,,,,,,,,0.013933875024287792,0.013933875024287792,,
pairwise_holm_p,879abd4533d9b0d07cf69a913c703cad4efe623dc6ecaeb99df9cef8b7a7581d|a222250e6be834ce9c0c9a95666e6ec74efb086499e1e6ee42617fd5a7783f34,1.0,1.0,False,False,,Holm-adjusted p-value; material only when significance decision changes,,,,,,,,,,,0.3603776529357674,0.3603776529357674,,
pairwise_holm_p,879abd4533d9b0d07cf69a913c703cad4efe623dc6ecaeb99df9cef8b7a7581d|a86b9fef45fab9019b4933934c2b5c068fe6c1d18d87de8304992dcbd081ab3d,1.0,1.0,False,False,,Holm-adjusted p-value; material only when significance decision changes,,,,,,,,,,,0.5223973804968409,0.5223973804968409,,
pairwise_holm_p,879abd4533d9b0d07cf69a913c703cad4efe623dc6ecaeb99df9cef8b7a7581d|acb3f86f42ab9fbcf34f2de1763a8b8d179daa1b56104f16ed429add8f8ddf67,1.0,1.0,False,False,,Holm-adjusted p-value; material only when significance decision changes,,,,,,,,,,,0.07245426016254441,0.07245426016254441,,
pairwise_holm_p,879abd4533d9b0d07cf69a913c703cad4efe623dc6ecaeb99df9cef8b7a7581d|da3f812eea2ca139d9208d637f531d885b3735aa2be9f9a2563c1e0eb5642882,1.0,1.0,False,False,,Holm-adjusted p-value; material only when significance decision changes,,,,,,,,,,,0.04355852192384191,0.04355852192384191,,
pairwise_holm_p,879abd4533d9b0d07cf69a913c703cad4efe623dc6ecaeb99df9cef8b7a7581d|dbdd606368eeb5a57a47b2b72ed988ad18ae778d67ce9de530c281942d8108b4,0.05023350849354942,0.05023350849354942,False,False,,Holm-adjusted p-value; material only when significance decision changes,,,,,,,,,,,0.0004221303234752052,0.0004221303234752052,,
pairwise_holm_p,879abd4533d9b0d07cf69a913c703cad4efe623dc6ecaeb99df9cef8b7a7581d|dd4a8f47032a345d96575bf854fbcb9ce57f9524e43c1d7a79f19179182d2702,1.0,1.0,False,False,,Holm-adjusted p-value; material only when significance decision changes,,,,,,,,,,,0.22032849417661104,0.22032849417661104,,
pairwise_holm_p,879abd4533d9b0d07cf69a913c703cad4efe623dc6ecaeb99df9cef8b7a7581d|ee6932382f3ca8c7de3e4c9caa6371a155c698514ff1de94e90a8b1a76298d07,0.8077753166327238,0.830636882197801,True,False,,Holm-adjusted p-value; material only when significance decision changes,,,,,,,,,,,0.007620521855025697,0.007620521855025697,,
pairwise_holm_p,a000db175227b76b84ada383d5bc825c2699cc39492749c401abf1cc70808c77|a222250e6be834ce9c0c9a95666e6ec74efb086499e1e6ee42617fd5a7783f34,1.0,1.0,False,False,,Holm-adjusted p-value; material only when significance decision changes,,,,,,,,,,,0.10342187831608089,0.10342187831608089,,
pairwise_holm_p,a000db175227b76b84ada383d5bc825c2699cc39492749c401abf1cc70808c77|a86b9fef45fab9019b4933934c2b5c068fe6c1d18d87de8304992dcbd081ab3d,1.0,1.0,False,False,,Holm-adjusted p-value; material only when significance decision changes,,,,,,,,,,,0.05994118956699923,0.05994118956699923,,
pairwise_holm_p,a000db175227b76b84ada383d5bc825c2699cc39492749c401abf1cc70808c77|acb3f86f42ab9fbcf34f2de1763a8b8d179daa1b56104f16ed429add8f8ddf67,1.0,1.0,False,False,,Holm-adjusted p-value; material only when significance decision changes,,,,,,,,,,,0.39612484029702977,0.39612484029702977,,
pairwise_holm_p,a000db175227b76b84ada383d5bc825c2699cc39492749c401abf1cc70808c77|da3f812eea2ca139d9208d637f531d885b3735aa2be9f9a2563c1e0eb5642882,1.0,1.0,False,False,,Holm-adjusted p-value; material only when significance decision changes,,,,,,,,,,,0.4703685318581444,0.4703685318581444,,
pairwise_holm_p,a000db175227b76b84ada383d5bc825c2699cc39492749c401abf1cc70808c77|dbdd606368eeb5a57a47b2b72ed988ad18ae778d67ce9de530c281942d8108b4,1.0,1.0,False,False,,Holm-adjusted p-value; material only when significance decision changes,,,,,,,,,,,0.3019956131896606,0.3019956131896606,,
pairwise_holm_p,a000db175227b76b84ada383d5bc825c2699cc39492749c401abf1cc70808c77|dd4a8f47032a345d96575bf854fbcb9ce57f9524e43c1d7a79f19179182d2702,1.0,1.0,False,False,,Holm-adjusted p-value; material only when significance decision changes,,,,,,,,,,,0.18485048241641847,0.18485048241641847,,
pairwise_holm_p,a000db175227b76b84ada383d5bc825c2699cc39492749c401abf1cc70808c77|ee6932382f3ca8c7de3e4c9caa6371a155c698514ff1de94e90a8b1a76298d07,1.0,1.0,False,False,,Holm-adjusted p-value; material only when significance decision changes,,,,,,,,,,,0.855535551905632,0.855535551905632,,
pairwise_holm_p,a222250e6be834ce9c0c9a95666e6ec74efb086499e1e6ee42617fd5a7783f34|a86b9fef45fab9019b4933934c2b5c068fe6c1d18d87de8304992dcbd081ab3d,1.0,1.0,False,False,,Holm-adjusted p-value; material only when significance decision changes,,,,,,,,,,,0.8776143287523155,0.8776143287523155,,
pairwise_holm_p,a222250e6be834ce9c0c9a95666e6ec74efb086499e1e6ee42617fd5a7783f34|acb3f86f42ab9fbcf34f2de1763a8b8d179daa1b56104f16ed429add8f8ddf67,1.0,1.0,False,False,,Holm-adjusted p-value; material only when significance decision changes,,,,,,,,,,,0.47988766169832786,0.47988766169832786,,
pairwise_holm_p,a222250e6be834ce9c0c9a95666e6ec74efb086499e1e6ee42617fd5a7783f34|da3f812eea2ca139d9208d637f531d885b3735aa2be9f9a2563c1e0eb5642882,1.0,1.0,False,False,,Holm-adjusted p-value; material only when significance decision changes,,,,,,,,,,,0.38169339766321286,0.38169339766321286,,
pairwise_holm_p,a222250e6be834ce9c0c9a95666e6ec74efb086499e1e6ee42617fd5a7783f34|dbdd606368eeb5a57a47b2b72ed988ad18ae778d67ce9de530c281942d8108b4,1.0,1.0,False,False,,Holm-adjusted p-value; material only when significance decision changes,,,,,,,,,,,0.01033766119369546,0.01033766119369546,,
pairwise_holm_p,a222250e6be834ce9c0c9a95666e6ec74efb086499e1e6ee42617fd5a7783f34|dd4a8f47032a345d96575bf854fbcb9ce57f9524e43c1d7a79f19179182d2702,1.0,1.0,False,False,,Holm-adjusted p-value; material only when significance decision changes,,,,,,,,,,,0.7838463022094988,0.7838463022094988,,
pairwise_holm_p,a222250e6be834ce9c0c9a95666e6ec74efb086499e1e6ee42617fd5a7783f34|ee6932382f3ca8c7de3e4c9caa6371a155c698514ff1de94e90a8b1a76298d07,1.0,1.0,False,False,,Holm-adjusted p-value; material only when significance decision changes,,,,,,,,,,,0.07223792719176259,0.07223792719176259,,
pairwise_holm_p,a86b9fef45fab9019b4933934c2b5c068fe6c1d18d87de8304992dcbd081ab3d|acb3f86f42ab9fbcf34f2de1763a8b8d179daa1b56104f16ed429add8f8ddf67,1.0,1.0,False,False,,Holm-adjusted p-value; material only when significance decision changes,,,,,,,,,,,0.2912152365458951,0.2912152365458951,,
pairwise_holm_p,a86b9fef45fab9019b4933934c2b5c068fe6c1d18d87de8304992dcbd081ab3d|da3f812eea2ca139d9208d637f531d885b3735aa2be9f9a2563c1e0eb5642882,1.0,1.0,False,False,,Holm-adjusted p-value; material only when significance decision changes,,,,,,,,,,,0.24296021728332562,0.24296021728332562,,
pairwise_holm_p,a86b9fef45fab9019b4933934c2b5c068fe6c1d18d87de8304992dcbd081ab3d|dbdd606368eeb5a57a47b2b72ed988ad18ae778d67ce9de530c281942d8108b4,0.6814613498759331,0.7003908318169312,True,False,,Holm-adjusted p-value; material only when significance decision changes,,,,,,,,,,,0.006309827313666047,0.006309827313666047,,
pairwise_holm_p,a86b9fef45fab9019b4933934c2b5c068fe6c1d18d87de8304992dcbd081ab3d|dd4a8f47032a345d96575bf854fbcb9ce57f9524e43c1d7a79f19179182d2702,1.0,1.0,False,False,,Holm-adjusted p-value; material only when significance decision changes,,,,,,,,,,,0.542384011856484,0.542384011856484,,
pairwise_holm_p,a86b9fef45fab9019b4933934c2b5c068fe6c1d18d87de8304992dcbd081ab3d|ee6932382f3ca8c7de3e4c9caa6371a155c698514ff1de94e90a8b1a76298d07,1.0,1.0,False,False,,Holm-adjusted p-value; material only when significance decision changes,,,,,,,,,,,0.03558272445223169,0.03558272445223169,,
pairwise_holm_p,acb3f86f42ab9fbcf34f2de1763a8b8d179daa1b56104f16ed429add8f8ddf67|da3f812eea2ca139d9208d637f531d885b3735aa2be9f9a2563c1e0eb5642882,1.0,1.0,False,False,,Holm-adjusted p-value; material only when significance decision changes,,,,,,,,,,,1.0,1.0,,
pairwise_holm_p,acb3f86f42ab9fbcf34f2de1763a8b8d179daa1b56104f16ed429add8f8ddf67|dbdd606368eeb5a57a47b2b72ed988ad18ae778d67ce9de530c281942d8108b4,1.0,1.0,False,False,,Holm-adjusted p-value; material only when significance decision changes,,,,,,,,,,,0.08878242522208006,0.08878242522208006,,
pairwise_holm_p,acb3f86f42ab9fbcf34f2de1763a8b8d179daa1b56104f16ed429add8f8ddf67|dd4a8f47032a345d96575bf854fbcb9ce57f9524e43c1d7a79f19179182d2702,1.0,1.0,False,False,,Holm-adjusted p-value; material only when significance decision changes,,,,,,,,,,,0.798152627305718,0.798152627305718,,
pairwise_holm_p,acb3f86f42ab9fbcf34f2de1763a8b8d179daa1b56104f16ed429add8f8ddf67|ee6932382f3ca8c7de3e4c9caa6371a155c698514ff1de94e90a8b1a76298d07,1.0,1.0,False,False,,Holm-adjusted p-value; material only when significance decision changes,,,,,,,,,,,0.2604354765766535,0.2604354765766535,,
pairwise_holm_p,da3f812eea2ca139d9208d637f531d885b3735aa2be9f9a2563c1e0eb5642882|dbdd606368eeb5a57a47b2b72ed988ad18ae778d67ce9de530c281942d8108b4,1.0,1.0,False,False,,Holm-adjusted p-value; material only when significance decision changes,,,,,,,,,,,0.08643723427347086,0.08643723427347086,,
pairwise_holm_p,da3f812eea2ca139d9208d637f531d885b3735aa2be9f9a2563c1e0eb5642882|dd4a8f47032a345d96575bf854fbcb9ce57f9524e43c1d7a79f19179182d2702,1.0,1.0,False,False,,Holm-adjusted p-value; material only when significance decision changes,,,,,,,,,,,0.6439689563703723,0.6439689563703723,,
pairwise_holm_p,da3f812eea2ca139d9208d637f531d885b3735aa2be9f9a2563c1e0eb5642882|ee6932382f3ca8c7de3e4c9caa6371a155c698514ff1de94e90a8b1a76298d07,1.0,1.0,False,False,,Holm-adjusted p-value; material only when significance decision changes,,,,,,,,,,,0.33555761823401514,0.33555761823401514,,
pairwise_holm_p,dbdd606368eeb5a57a47b2b72ed988ad18ae778d67ce9de530c281942d8108b4|dd4a8f47032a345d96575bf854fbcb9ce57f9524e43c1d7a79f19179182d2702,1.0,1.0,False,False,,Holm-adjusted p-value; material only when significance decision changes,,,,,,,,,,,0.03192716208321237,0.03192716208321237,,
pairwise_holm_p,dbdd606368eeb5a57a47b2b72ed988ad18ae778d67ce9de530c281942d8108b4|ee6932382f3ca8c7de3e4c9caa6371a155c698514ff1de94e90a8b1a76298d07,1.0,1.0,False,False,,Holm-adjusted p-value; material only when significance decision changes,,,,,,,,,,,0.4513808323961257,0.4513808323961257,,
pairwise_holm_p,dd4a8f47032a345d96575bf854fbcb9ce57f9524e43c1d7a79f19179182d2702|ee6932382f3ca8c7de3e4c9caa6371a155c698514ff1de94e90a8b1a76298d07,1.0,1.0,False,False,,Holm-adjusted p-value; material only when significance decision changes,,,,,,,,,,,0.11747735024505848,0.11747735024505848,,
controlled_contrasts,primary_significance_set,"(('482db16b9cb3a7957d8b26c1b0659482936374cd0dda8de0c039e385731dc1a1', '612693e89257efbea556329e409e00795052eda6d9d0ad9499ad7c050057cc23'), 'embedding_model', 'unsupported_addition_free');(('879abd4533d9b0d07cf69a913c703cad4efe623dc6ecaeb99df9cef8b7a7581d', 'ee6932382f3ca8c7de3e4c9caa6371a155c698514ff1de94e90a8b1a76298d07'), 'embedding_model', 'unsupported_addition_free');(('a000db175227b76b84ada383d5bc825c2699cc39492749c401abf1cc70808c77', 'a86b9fef45fab9019b4933934c2b5c068fe6c1d18d87de8304992dcbd081ab3d'), 'embedding_model', 'unsupported_addition_free')","(('482db16b9cb3a7957d8b26c1b0659482936374cd0dda8de0c039e385731dc1a1', '612693e89257efbea556329e409e00795052eda6d9d0ad9499ad7c050057cc23'), 'embedding_model', 'unsupported_addition_free');(('879abd4533d9b0d07cf69a913c703cad4efe623dc6ecaeb99df9cef8b7a7581d', 'ee6932382f3ca8c7de3e4c9caa6371a155c698514ff1de94e90a8b1a76298d07'), 'embedding_model', 'unsupported_addition_free');(('a000db175227b76b84ada383d5bc825c2699cc39492749c401abf1cc70808c77', 'a86b9fef45fab9019b4933934c2b5c068fe6c1d18d87de8304992dcbd081ab3d'), 'embedding_model', 'unsupported_addition_free')",False,False,,binary metrics use McNemar; continuous metrics use paired bootstrap,,,,,,,,,,,,,,
controlled_contrast,"('2cb4dcd5bbe11f45df21e07bd9baf934b025b2eefc79fce3a0fe6681157536d8', '30eddf760e02cdf7e3dba179e7f90456e2bd66bd418ffb4abbe93c894da1dbe8')|rag_context|citation_traceability",0.0,0.0,False,False,,effect direction may shift slightly with the canonical output; material only when the adjusted decision changes,,,,,,,,,,,1.0,1.0,1.0,1.0
controlled_contrast,"('2cb4dcd5bbe11f45df21e07bd9baf934b025b2eefc79fce3a0fe6681157536d8', '30eddf760e02cdf7e3dba179e7f90456e2bd66bd418ffb4abbe93c894da1dbe8')|rag_context|claims_recall",0.049911990722643296,-0.030078451308413835,True,False,,effect direction may shift slightly with the canonical output; material only when the adjusted decision changes,,,,,,,,,,,0.788,0.873,1.0,1.0
controlled_contrast,"('2cb4dcd5bbe11f45df21e07bd9baf934b025b2eefc79fce3a0fe6681157536d8', '30eddf760e02cdf7e3dba179e7f90456e2bd66bd418ffb4abbe93c894da1dbe8')|rag_context|critical_contradiction_free",0.6999999999999895,0.8999999999999897,True,False,,effect direction may shift slightly with the canonical output; material only when the adjusted decision changes,,,,,,,,,,,0.4101027163746913,0.2528697301676033,1.0,1.0
controlled_contrast,"('2cb4dcd5bbe11f45df21e07bd9baf934b025b2eefc79fce3a0fe6681157536d8', '30eddf760e02cdf7e3dba179e7f90456e2bd66bd418ffb4abbe93c894da1dbe8')|rag_context|critical_fields_score",-0.8000000000000007,-0.30000000000000027,True,False,,effect direction may shift slightly with the canonical output; material only when the adjusted decision changes,,,,,,,,,,,0.26818725105476915,0.7358788008568808,1.0,1.0
controlled_contrast,"('2cb4dcd5bbe11f45df21e07bd9baf934b025b2eefc79fce3a0fe6681157536d8', '30eddf760e02cdf7e3dba179e7f90456e2bd66bd418ffb4abbe93c894da1dbe8')|rag_context|critical_omission_free",-0.8000000000000007,-0.10000000000000009,True,False,,effect direction may shift slightly with the canonical output; material only when the adjusted decision changes,,,,,,,,,,,0.26818725105476915,1.0,1.0,1.0
controlled_contrast,"('2cb4dcd5bbe11f45df21e07bd9baf934b025b2eefc79fce3a0fe6681157536d8', '30eddf760e02cdf7e3dba179e7f90456e2bd66bd418ffb4abbe93c894da1dbe8')|rag_context|prompt_coverage",0.0,0.0,False,False,,effect direction may shift slightly with the canonical output; material only when the adjusted decision changes,,,,,,,,,,,1.0,1.0,1.0,1.0
controlled_contrast,"('2cb4dcd5bbe11f45df21e07bd9baf934b025b2eefc79fce3a0fe6681157536d8', '30eddf760e02cdf7e3dba179e7f90456e2bd66bd418ffb4abbe93c894da1dbe8')|rag_context|unsupported_addition_free",1.7000000000000015,0.20000000000000018,True,False,,effect direction may shift slightly with the canonical output; material only when the adjusted decision changes,,,,,,,,,,,0.22902156233365842,0.9374089336007709,1.0,1.0
controlled_contrast,"('2cb4dcd5bbe11f45df21e07bd9baf934b025b2eefc79fce3a0fe6681157536d8', '612693e89257efbea556329e409e00795052eda6d9d0ad9499ad7c050057cc23')|ollama_context|citation_traceability",0.0,0.0,False,False,,effect direction may shift slightly with the canonical output; material only when the adjusted decision changes,,,,,,,,,,,1.0,1.0,1.0,1.0
controlled_contrast,"('2cb4dcd5bbe11f45df21e07bd9baf934b025b2eefc79fce3a0fe6681157536d8', '612693e89257efbea556329e409e00795052eda6d9d0ad9499ad7c050057cc23')|ollama_context|claims_recall",0.07028245399594597,0.07028245399594597,False,False,,effect direction may shift slightly with the canonical output; material only when the adjusted decision changes,,,,,,,,,,,0.703,0.7094,1.0,1.0
controlled_contrast,"('2cb4dcd5bbe11f45df21e07bd9baf934b025b2eefc79fce3a0fe6681157536d8', '612693e89257efbea556329e409e00795052eda6d9d0ad9499ad7c050057cc23')|ollama_context|critical_contradiction_free",0.49999999999998934,0.49999999999998934,False,False,,effect direction may shift slightly with the canonical output; material only when the adjusted decision changes,,,,,,,,,,,0.5681724128491652,0.5681724128491652,1.0,1.0
controlled_contrast,"('2cb4dcd5bbe11f45df21e07bd9baf934b025b2eefc79fce3a0fe6681157536d8', '612693e89257efbea556329e409e00795052eda6d9d0ad9499ad7c050057cc23')|ollama_context|critical_fields_score",0.0,0.0,False,False,,effect direction may shift slightly with the canonical output; material only when the adjusted decision changes,,,,,,,,,,,1.0,1.0,1.0,1.0
controlled_contrast,"('2cb4dcd5bbe11f45df21e07bd9baf934b025b2eefc79fce3a0fe6681157536d8', '612693e89257efbea556329e409e00795052eda6d9d0ad9499ad7c050057cc23')|ollama_context|critical_omission_free",0.40000000000000036,0.40000000000000036,False,False,,effect direction may shift slightly with the canonical output; material only when the adjusted decision changes,,,,,,,,,,,0.617719317029696,0.617719317029696,1.0,1.0
controlled_contrast,"('2cb4dcd5bbe11f45df21e07bd9baf934b025b2eefc79fce3a0fe6681157536d8', '612693e89257efbea556329e409e00795052eda6d9d0ad9499ad7c050057cc23')|ollama_context|prompt_coverage",0.0,0.0,False,False,,effect direction may shift slightly with the canonical output; material only when the adjusted decision changes,,,,,,,,,,,1.0,1.0,1.0,1.0
controlled_contrast,"('2cb4dcd5bbe11f45df21e07bd9baf934b025b2eefc79fce3a0fe6681157536d8', '612693e89257efbea556329e409e00795052eda6d9d0ad9499ad7c050057cc23')|ollama_context|unsupported_addition_free",1.4000000000000012,1.4000000000000012,False,False,,effect direction may shift slightly with the canonical output; material only when the adjusted decision changes,,,,,,,,,,,0.31297421130644776,0.31297421130644776,1.0,1.0
controlled_contrast,"('2cb4dcd5bbe11f45df21e07bd9baf934b025b2eefc79fce3a0fe6681157536d8', 'dbdd606368eeb5a57a47b2b72ed988ad18ae778d67ce9de530c281942d8108b4')|rag_context|citation_traceability",0.0,0.0,False,False,,effect direction may shift slightly with the canonical output; material only when the adjusted decision changes,,,,,,,,,,,1.0,1.0,1.0,1.0
controlled_contrast,"('2cb4dcd5bbe11f45df21e07bd9baf934b025b2eefc79fce3a0fe6681157536d8', 'dbdd606368eeb5a57a47b2b72ed988ad18ae778d67ce9de530c281942d8108b4')|rag_context|claims_recall",0.09661984723083342,0.09661984723083342,False,False,,effect direction may shift slightly with the canonical output; material only when the adjusted decision changes,,,,,,,,,,,0.5256,0.5256,1.0,1.0
controlled_contrast,"('2cb4dcd5bbe11f45df21e07bd9baf934b025b2eefc79fce3a0fe6681157536d8', 'dbdd606368eeb5a57a47b2b72ed988ad18ae778d67ce9de530c281942d8108b4')|rag_context|critical_contradiction_free",-0.6999999999999895,-0.6999999999999895,False,False,,effect direction may shift slightly with the canonical output; material only when the adjusted decision changes,,,,,,,,,,,0.4101027163746913,0.4101027163746913,1.0,1.0
controlled_contrast,"('2cb4dcd5bbe11f45df21e07bd9baf934b025b2eefc79fce3a0fe6681157536d8', 'dbdd606368eeb5a57a47b2b72ed988ad18ae778d67ce9de530c281942d8108b4')|rag_context|critical_fields_score",0.30000000000000027,0.30000000000000027,False,False,,effect direction may shift slightly with the canonical output; material only when the adjusted decision changes,,,,,,,,,,,0.7607916425613439,0.7607916425613439,1.0,1.0
controlled_contrast,"('2cb4dcd5bbe11f45df21e07bd9baf934b025b2eefc79fce3a0fe6681157536d8', 'dbdd606368eeb5a57a47b2b72ed988ad18ae778d67ce9de530c281942d8108b4')|rag_context|critical_omission_free",0.40000000000000036,0.40000000000000036,False,False,,effect direction may shift slightly with the canonical output; material only when the adjusted decision changes,,,,,,,,,,,0.6439689563703723,0.6439689563703723,1.0,1.0
controlled_contrast,"('2cb4dcd5bbe11f45df21e07bd9baf934b025b2eefc79fce3a0fe6681157536d8', 'dbdd606368eeb5a57a47b2b72ed988ad18ae778d67ce9de530c281942d8108b4')|rag_context|prompt_coverage",0.0,0.0,False,False,,effect direction may shift slightly with the canonical output; material only when the adjusted decision changes,,,,,,,,,,,1.0,1.0,1.0,1.0
controlled_contrast,"('2cb4dcd5bbe11f45df21e07bd9baf934b025b2eefc79fce3a0fe6681157536d8', 'dbdd606368eeb5a57a47b2b72ed988ad18ae778d67ce9de530c281942d8108b4')|rag_context|unsupported_addition_free",-2.200000000000002,-2.200000000000002,False,False,,effect direction may shift slightly with the canonical output; material only when the adjusted decision changes,,,,,,,,,,,0.09656935339177995,0.09656935339177995,1.0,1.0
controlled_contrast,"('2cb4dcd5bbe11f45df21e07bd9baf934b025b2eefc79fce3a0fe6681157536d8', 'ee6932382f3ca8c7de3e4c9caa6371a155c698514ff1de94e90a8b1a76298d07')|rag_context|citation_traceability",0.0,0.0,False,False,,effect direction may shift slightly with the canonical output; material only when the adjusted decision changes,,,,,,,,,,,1.0,1.0,1.0,1.0
controlled_contrast,"('2cb4dcd5bbe11f45df21e07bd9baf934b025b2eefc79fce3a0fe6681157536d8', 'ee6932382f3ca8c7de3e4c9caa6371a155c698514ff1de94e90a8b1a76298d07')|rag_context|claims_recall",0.015302245484314636,0.015302245484314636,False,False,,effect direction may shift slightly with the canonical output; material only when the adjusted decision changes,,,,,,,,,,,0.9416,0.9378,1.0,1.0
controlled_contrast,"('2cb4dcd5bbe11f45df21e07bd9baf934b025b2eefc79fce3a0fe6681157536d8', 'ee6932382f3ca8c7de3e4c9caa6371a155c698514ff1de94e90a8b1a76298d07')|rag_context|critical_contradiction_free",0.49999999999998934,0.49999999999998934,False,False,,effect direction may shift slightly with the canonical output; material only when the adjusted decision changes,,,,,,,,,,,0.5831321542611763,0.5831321542611763,1.0,1.0
controlled_contrast,"('2cb4dcd5bbe11f45df21e07bd9baf934b025b2eefc79fce3a0fe6681157536d8', 'ee6932382f3ca8c7de3e4c9caa6371a155c698514ff1de94e90a8b1a76298d07')|rag_context|critical_fields_score",0.40000000000000036,0.40000000000000036,False,False,,effect direction may shift slightly with the canonical output; material only when the adjusted decision changes,,,,,,,,,,,0.651587827208914,0.651587827208914,1.0,1.0
controlled_contrast,"('2cb4dcd5bbe11f45df21e07bd9baf934b025b2eefc79fce3a0fe6681157536d8', 'ee6932382f3ca8c7de3e4c9caa6371a155c698514ff1de94e90a8b1a76298d07')|rag_context|critical_omission_free",0.5000000000000004,0.5000000000000004,False,False,,effect direction may shift slightly with the canonical output; material only when the adjusted decision changes,,,,,,,,,,,0.5223973804968409,0.5223973804968409,1.0,1.0
controlled_contrast,"('2cb4dcd5bbe11f45df21e07bd9baf934b025b2eefc79fce3a0fe6681157536d8', 'ee6932382f3ca8c7de3e4c9caa6371a155c698514ff1de94e90a8b1a76298d07')|rag_context|prompt_coverage",0.0,0.0,False,False,,effect direction may shift slightly with the canonical output; material only when the adjusted decision changes,,,,,,,,,,,1.0,1.0,1.0,1.0
controlled_contrast,"('2cb4dcd5bbe11f45df21e07bd9baf934b025b2eefc79fce3a0fe6681157536d8', 'ee6932382f3ca8c7de3e4c9caa6371a155c698514ff1de94e90a8b1a76298d07')|rag_context|unsupported_addition_free",-1.0000000000000009,-1.0000000000000009,False,False,,effect direction may shift slightly with the canonical output; material only when the adjusted decision changes,,,,,,,,,,,0.5422534273379711,0.5422534273379711,1.0,1.0
controlled_contrast,"('30eddf760e02cdf7e3dba179e7f90456e2bd66bd418ffb4abbe93c894da1dbe8', 'dbdd606368eeb5a57a47b2b72ed988ad18ae778d67ce9de530c281942d8108b4')|rag_context|citation_traceability",0.0,0.0,False,False,,effect direction may shift slightly with the canonical output; material only when the adjusted decision changes,,,,,,,,,,,1.0,1.0,1.0,1.0
controlled_contrast,"('30eddf760e02cdf7e3dba179e7f90456e2bd66bd418ffb4abbe93c894da1dbe8', 'dbdd606368eeb5a57a47b2b72ed988ad18ae778d67ce9de530c281942d8108b4')|rag_context|claims_recall",0.1465318379534767,0.0665413959224196,True,False,,effect direction may shift slightly with the canonical output; material only when the adjusted decision changes,,,,,,,,,,,0.378,0.675,1.0,1.0
controlled_contrast,"('30eddf760e02cdf7e3dba179e7f90456e2bd66bd418ffb4abbe93c894da1dbe8', 'dbdd606368eeb5a57a47b2b72ed988ad18ae778d67ce9de530c281942d8108b4')|rag_context|critical_contradiction_free",0.0,0.20000000000000018,True,False,,effect direction may shift slightly with the canonical output; material only when the adjusted decision changes,,,,,,,,,,,1.0,0.8898839652765371,1.0,1.0
controlled_contrast,"('30eddf760e02cdf7e3dba179e7f90456e2bd66bd418ffb4abbe93c894da1dbe8', 'dbdd606368eeb5a57a47b2b72ed988ad18ae778d67ce9de530c281942d8108b4')|rag_context|critical_fields_score",-0.5000000000000004,0.0,True,False,,effect direction may shift slightly with the canonical output; material only when the adjusted decision changes,,,,,,,,,,,0.5223973804968409,1.0,1.0,1.0
controlled_contrast,"('30eddf760e02cdf7e3dba179e7f90456e2bd66bd418ffb4abbe93c894da1dbe8', 'dbdd606368eeb5a57a47b2b72ed988ad18ae778d67ce9de530c281942d8108b4')|rag_context|critical_omission_free",-0.40000000000000036,0.30000000000000027,True,False,,effect direction may shift slightly with the canonical output; material only when the adjusted decision changes,,,,,,,,,,,0.6075913612730801,0.755228657504631,1.0,1.0
controlled_contrast,"('30eddf760e02cdf7e3dba179e7f90456e2bd66bd418ffb4abbe93c894da1dbe8', 'dbdd606368eeb5a57a47b2b72ed988ad18ae778d67ce9de530c281942d8108b4')|rag_context|prompt_coverage",0.0,0.0,False,False,,effect direction may shift slightly with the canonical output; material only when the adjusted decision changes,,,,,,,,,,,1.0,1.0,1.0,1.0
controlled_contrast,"('30eddf760e02cdf7e3dba179e7f90456e2bd66bd418ffb4abbe93c894da1dbe8', 'dbdd606368eeb5a57a47b2b72ed988ad18ae778d67ce9de530c281942d8108b4')|rag_context|unsupported_addition_free",-0.5000000000000004,-2.0000000000000018,True,False,,effect direction may shift slightly with the canonical output; material only when the adjusted decision changes,,,,,,,,,,,0.7611429709016675,0.14483096954373906,1.0,1.0
controlled_contrast,"('30eddf760e02cdf7e3dba179e7f90456e2bd66bd418ffb4abbe93c894da1dbe8', 'ee6932382f3ca8c7de3e4c9caa6371a155c698514ff1de94e90a8b1a76298d07')|rag_context|citation_traceability",0.0,0.0,False,False,,effect direction may shift slightly with the canonical output; material only when the adjusted decision changes,,,,,,,,,,,1.0,1.0,1.0,1.0
controlled_contrast,"('30eddf760e02cdf7e3dba179e7f90456e2bd66bd418ffb4abbe93c894da1dbe8', 'ee6932382f3ca8c7de3e4c9caa6371a155c698514ff1de94e90a8b1a76298d07')|rag_context|claims_recall",0.03460974523832868,0.04538069679272847,True,False,,effect direction may shift slightly with the canonical output; material only when the adjusted decision changes,,,,,,,,,,,0.8932,0.8258,1.0,1.0
controlled_contrast,"('30eddf760e02cdf7e3dba179e7f90456e2bd66bd418ffb4abbe93c894da1dbe8', 'ee6932382f3ca8c7de3e4c9caa6371a155c698514ff1de94e90a8b1a76298d07')|rag_context|critical_contradiction_free",0.20000000000000018,-0.40000000000000036,True,False,,effect direction may shift slightly with the canonical output; material only when the adjusted decision changes,,,,,,,,,,,0.9049745264594623,0.7122308826373508,1.0,1.0
controlled_contrast,"('30eddf760e02cdf7e3dba179e7f90456e2bd66bd418ffb4abbe93c894da1dbe8', 'ee6932382f3ca8c7de3e4c9caa6371a155c698514ff1de94e90a8b1a76298d07')|rag_context|critical_fields_score",-1.200000000000001,0.7000000000000006,True,False,,effect direction may shift slightly with the canonical output; material only when the adjusted decision changes,,,,,,,,,,,0.07295138851623051,0.3367836351899314,1.0,1.0
controlled_contrast,"('30eddf760e02cdf7e3dba179e7f90456e2bd66bd418ffb4abbe93c894da1dbe8', 'ee6932382f3ca8c7de3e4c9caa6371a155c698514ff1de94e90a8b1a76298d07')|rag_context|critical_omission_free",-1.3000000000000012,0.6000000000000005,True,False,,effect direction may shift slightly with the canonical output; material only when the adjusted decision changes,,,,,,,,,,,0.04703102743951604,0.417692190836533,1.0,1.0
controlled_contrast,"('30eddf760e02cdf7e3dba179e7f90456e2bd66bd418ffb4abbe93c894da1dbe8', 'ee6932382f3ca8c7de3e4c9caa6371a155c698514ff1de94e90a8b1a76298d07')|rag_context|prompt_coverage",0.0,0.0,False,False,,effect direction may shift slightly with the canonical output; material only when the adjusted decision changes,,,,,,,,,,,1.0,1.0,1.0,1.0
controlled_contrast,"('30eddf760e02cdf7e3dba179e7f90456e2bd66bd418ffb4abbe93c894da1dbe8', 'ee6932382f3ca8c7de3e4c9caa6371a155c698514ff1de94e90a8b1a76298d07')|rag_context|unsupported_addition_free",2.7000000000000024,-1.200000000000001,True,False,,effect direction may shift slightly with the canonical output; material only when the adjusted decision changes,,,,,,,,,,,0.08692140137939716,0.46638947965447236,1.0,1.0
controlled_contrast,"('482db16b9cb3a7957d8b26c1b0659482936374cd0dda8de0c039e385731dc1a1', '612693e89257efbea556329e409e00795052eda6d9d0ad9499ad7c050057cc23')|embedding_model|citation_traceability",0.0,0.0,False,False,,effect direction may shift slightly with the canonical output; material only when the adjusted decision changes,,,,,,,,,,,1.0,1.0,1.0,1.0
controlled_contrast,"('482db16b9cb3a7957d8b26c1b0659482936374cd0dda8de0c039e385731dc1a1', '612693e89257efbea556329e409e00795052eda6d9d0ad9499ad7c050057cc23')|embedding_model|claims_recall",0.18980737377472973,0.18980737377472973,False,False,,effect direction may shift slightly with the canonical output; material only when the adjusted decision changes,,,,,,,,,,,0.364,0.3692,1.0,1.0
controlled_contrast,"('482db16b9cb3a7957d8b26c1b0659482936374cd0dda8de0c039e385731dc1a1', '612693e89257efbea556329e409e00795052eda6d9d0ad9499ad7c050057cc23')|embedding_model|critical_contradiction_free",0.39999999999998925,0.39999999999998925,False,False,,effect direction may shift slightly with the canonical output; material only when the adjusted decision changes,,,,,,,,,,,0.7202027723528613,0.7202027723528613,1.0,1.0
controlled_contrast,"('482db16b9cb3a7957d8b26c1b0659482936374cd0dda8de0c039e385731dc1a1', '612693e89257efbea556329e409e00795052eda6d9d0ad9499ad7c050057cc23')|embedding_model|critical_fields_score",-0.7000000000000006,-0.7000000000000006,False,False,,effect direction may shift slightly with the canonical output; material only when the adjusted decision changes,,,,,,,,,,,0.41875418826901556,0.41875418826901556,1.0,1.0
controlled_contrast,"('482db16b9cb3a7957d8b26c1b0659482936374cd0dda8de0c039e385731dc1a1', '612693e89257efbea556329e409e00795052eda6d9d0ad9499ad7c050057cc23')|embedding_model|critical_omission_free",0.10000000000000009,0.10000000000000009,False,False,,effect direction may shift slightly with the canonical output; material only when the adjusted decision changes,,,,,,,,,,,1.0,1.0,1.0,1.0
controlled_contrast,"('482db16b9cb3a7957d8b26c1b0659482936374cd0dda8de0c039e385731dc1a1', '612693e89257efbea556329e409e00795052eda6d9d0ad9499ad7c050057cc23')|embedding_model|prompt_coverage",0.0,0.0,False,False,,effect direction may shift slightly with the canonical output; material only when the adjusted decision changes,,,,,,,,,,,1.0,1.0,1.0,1.0
controlled_contrast,"('482db16b9cb3a7957d8b26c1b0659482936374cd0dda8de0c039e385731dc1a1', '612693e89257efbea556329e409e00795052eda6d9d0ad9499ad7c050057cc23')|embedding_model|unsupported_addition_free",11.700000000000005,11.700000000000005,False,False,,effect direction may shift slightly with the canonical output; material only when the adjusted decision changes,,,,,,,,,,,3.268906092689847e-11,3.268906092689847e-11,6.864702794648678e-10,6.864702794648678e-10
controlled_contrast,"('482db16b9cb3a7957d8b26c1b0659482936374cd0dda8de0c039e385731dc1a1', 'a86b9fef45fab9019b4933934c2b5c068fe6c1d18d87de8304992dcbd081ab3d')|rag_context|citation_traceability",0.0,0.0,False,False,,effect direction may shift slightly with the canonical output; material only when the adjusted decision changes,,,,,,,,,,,1.0,1.0,1.0,1.0
controlled_contrast,"('482db16b9cb3a7957d8b26c1b0659482936374cd0dda8de0c039e385731dc1a1', 'a86b9fef45fab9019b4933934c2b5c068fe6c1d18d87de8304992dcbd081ab3d')|rag_context|claims_recall",0.26319467271797675,0.26319467271797675,False,False,,effect direction may shift slightly with the canonical output; material only when the adjusted decision changes,,,,,,,,,,,0.1974,0.2076,1.0,1.0
controlled_contrast,"('482db16b9cb3a7957d8b26c1b0659482936374cd0dda8de0c039e385731dc1a1', 'a86b9fef45fab9019b4933934c2b5c068fe6c1d18d87de8304992dcbd081ab3d')|rag_context|critical_contradiction_free",-1.3000000000000012,-1.3000000000000012,False,False,,effect direction may shift slightly with the canonical output; material only when the adjusted decision changes,,,,,,,,,,,0.05958388801809633,0.05958388801809633,1.0,1.0
controlled_contrast,"('482db16b9cb3a7957d8b26c1b0659482936374cd0dda8de0c039e385731dc1a1', 'a86b9fef45fab9019b4933934c2b5c068fe6c1d18d87de8304992dcbd081ab3d')|rag_context|critical_fields_score",-0.6000000000000005,-0.6000000000000005,False,False,,effect direction may shift slightly with the canonical output; material only when the adjusted decision changes,,,,,,,,,,,0.4708790136217118,0.4708790136217118,1.0,1.0
controlled_contrast,"('482db16b9cb3a7957d8b26c1b0659482936374cd0dda8de0c039e385731dc1a1', 'a86b9fef45fab9019b4933934c2b5c068fe6c1d18d87de8304992dcbd081ab3d')|rag_context|critical_omission_free",0.20000000000000018,0.20000000000000018,False,False,,effect direction may shift slightly with the canonical output; material only when the adjusted decision changes,,,,,,,,,,,0.880395821280672,0.880395821280672,1.0,1.0
controlled_contrast,"('482db16b9cb3a7957d8b26c1b0659482936374cd0dda8de0c039e385731dc1a1', 'a86b9fef45fab9019b4933934c2b5c068fe6c1d18d87de8304992dcbd081ab3d')|rag_context|prompt_coverage",0.0,0.0,False,False,,effect direction may shift slightly with the canonical output; material only when the adjusted decision changes,,,,,,,,,,,1.0,1.0,1.0,1.0
controlled_contrast,"('482db16b9cb3a7957d8b26c1b0659482936374cd0dda8de0c039e385731dc1a1', 'a86b9fef45fab9019b4933934c2b5c068fe6c1d18d87de8304992dcbd081ab3d')|rag_context|unsupported_addition_free",-2.399999999999991,-2.399999999999991,False,False,,effect direction may shift slightly with the canonical output; material only when the adjusted decision changes,,,,,,,,,,,0.10016673529821761,0.10016673529821761,1.0,1.0
controlled_contrast,"('482db16b9cb3a7957d8b26c1b0659482936374cd0dda8de0c039e385731dc1a1', 'da3f812eea2ca139d9208d637f531d885b3735aa2be9f9a2563c1e0eb5642882')|rag_context|citation_traceability",0.0,0.0,False,False,,effect direction may shift slightly with the canonical output; material only when the adjusted decision changes,,,,,,,,,,,1.0,1.0,1.0,1.0
controlled_contrast,"('482db16b9cb3a7957d8b26c1b0659482936374cd0dda8de0c039e385731dc1a1', 'da3f812eea2ca139d9208d637f531d885b3735aa2be9f9a2563c1e0eb5642882')|rag_context|claims_recall",0.1355865027223131,0.1355865027223131,False,False,,effect direction may shift slightly with the canonical output; material only when the adjusted decision changes,,,,,,,,,,,0.413,0.413,1.0,1.0
controlled_contrast,"('482db16b9cb3a7957d8b26c1b0659482936374cd0dda8de0c039e385731dc1a1', 'da3f812eea2ca139d9208d637f531d885b3735aa2be9f9a2563c1e0eb5642882')|rag_context|critical_contradiction_free",-0.40000000000000036,-0.40000000000000036,False,False,,effect direction may shift slightly with the canonical output; material only when the adjusted decision changes,,,,,,,,,,,0.6075913612730801,0.6075913612730801,1.0,1.0
controlled_contrast,"('482db16b9cb3a7957d8b26c1b0659482936374cd0dda8de0c039e385731dc1a1', 'da3f812eea2ca139d9208d637f531d885b3735aa2be9f9a2563c1e0eb5642882')|rag_context|critical_fields_score",-0.6000000000000005,-0.6000000000000005,False,False,,effect direction may shift slightly with the canonical output; material only when the adjusted decision changes,,,,,,,,,,,0.361594608053565,0.361594608053565,1.0,1.0
controlled_contrast,"('482db16b9cb3a7957d8b26c1b0659482936374cd0dda8de0c039e385731dc1a1', 'da3f812eea2ca139d9208d637f531d885b3735aa2be9f9a2563c1e0eb5642882')|rag_context|critical_omission_free",-0.30000000000000027,-0.30000000000000027,False,False,,effect direction may shift slightly with the canonical output; material only when the adjusted decision changes,,,,,,,,,,,0.711071103811264,0.711071103811264,1.0,1.0
controlled_contrast,"('482db16b9cb3a7957d8b26c1b0659482936374cd0dda8de0c039e385731dc1a1', 'da3f812eea2ca139d9208d637f531d885b3735aa2be9f9a2563c1e0eb5642882')|rag_context|prompt_coverage",0.0,0.0,False,False,,effect direction may shift slightly with the canonical output; material only when the adjusted decision changes,,,,,,,,,,,1.0,1.0,1.0,1.0
controlled_contrast,"('482db16b9cb3a7957d8b26c1b0659482936374cd0dda8de0c039e385731dc1a1', 'da3f812eea2ca139d9208d637f531d885b3735aa2be9f9a2563c1e0eb5642882')|rag_context|unsupported_addition_free",1.8000000000000016,1.8000000000000016,False,False,,effect direction may shift slightly with the canonical output; material only when the adjusted decision changes,,,,,,,,,,,0.14759186416886072,0.14759186416886072,1.0,1.0
controlled_contrast,"('482db16b9cb3a7957d8b26c1b0659482936374cd0dda8de0c039e385731dc1a1', 'dd4a8f47032a345d96575bf854fbcb9ce57f9524e43c1d7a79f19179182d2702')|rag_context|citation_traceability",0.0,0.0,False,False,,effect direction may shift slightly with the canonical output; material only when the adjusted decision changes,,,,,,,,,,,1.0,1.0,1.0,1.0
controlled_contrast,"('482db16b9cb3a7957d8b26c1b0659482936374cd0dda8de0c039e385731dc1a1', 'dd4a8f47032a345d96575bf854fbcb9ce57f9524e43c1d7a79f19179182d2702')|rag_context|claims_recall",0.27449988207261133,0.27449988207261133,False,False,,effect direction may shift slightly with the canonical output; material only when the adjusted decision changes,,,,,,,,,,,0.0584,0.0584,1.0,1.0
controlled_contrast,"('482db16b9cb3a7957d8b26c1b0659482936374cd0dda8de0c039e385731dc1a1', 'dd4a8f47032a345d96575bf854fbcb9ce57f9524e43c1d7a79f19179182d2702')|rag_context|critical_contradiction_free",0.8000000000000007,0.8000000000000007,False,False,,effect direction may shift slightly with the canonical output; material only when the adjusted decision changes,,,,,,,,,,,0.15158963203430176,0.15158963203430176,1.0,1.0
controlled_contrast,"('482db16b9cb3a7957d8b26c1b0659482936374cd0dda8de0c039e385731dc1a1', 'dd4a8f47032a345d96575bf854fbcb9ce57f9524e43c1d7a79f19179182d2702')|rag_context|critical_fields_score",0.8000000000000007,0.8000000000000007,False,False,,effect direction may shift slightly with the canonical output; material only when the adjusted decision changes,,,,,,,,,,,0.22948101302608848,0.22948101302608848,1.0,1.0
controlled_contrast,"('482db16b9cb3a7957d8b26c1b0659482936374cd0dda8de0c039e385731dc1a1', 'dd4a8f47032a345d96575bf854fbcb9ce57f9524e43c1d7a79f19179182d2702')|rag_context|critical_omission_free",-0.10000000000000009,-0.10000000000000009,False,False,,effect direction may shift slightly with the canonical output; material only when the adjusted decision changes,,,,,,,,,,,1.0,1.0,1.0,1.0
controlled_contrast,"('482db16b9cb3a7957d8b26c1b0659482936374cd0dda8de0c039e385731dc1a1', 'dd4a8f47032a345d96575bf854fbcb9ce57f9524e43c1d7a79f19179182d2702')|rag_context|prompt_coverage",0.0,0.0,False,False,,effect direction may shift slightly with the canonical output; material only when the adjusted decision changes,,,,,,,,,,,1.0,1.0,1.0,1.0
controlled_contrast,"('482db16b9cb3a7957d8b26c1b0659482936374cd0dda8de0c039e385731dc1a1', 'dd4a8f47032a345d96575bf854fbcb9ce57f9524e43c1d7a79f19179182d2702')|rag_context|unsupported_addition_free",-2.200000000000002,-2.200000000000002,False,False,,effect direction may shift slightly with the canonical output; material only when the adjusted decision changes,,,,,,,,,,,0.0923768458186001,0.0923768458186001,1.0,1.0
controlled_contrast,"('612693e89257efbea556329e409e00795052eda6d9d0ad9499ad7c050057cc23', 'a000db175227b76b84ada383d5bc825c2699cc39492749c401abf1cc70808c77')|rag_context|citation_traceability",0.0,0.0,False,False,,effect direction may shift slightly with the canonical output; material only when the adjusted decision changes,,,,,,,,,,,1.0,1.0,1.0,1.0
controlled_contrast,"('612693e89257efbea556329e409e00795052eda6d9d0ad9499ad7c050057cc23', 'a000db175227b76b84ada383d5bc825c2699cc39492749c401abf1cc70808c77')|rag_context|claims_recall",0.2692230077269021,0.2692230077269021,False,False,,effect direction may shift slightly with the canonical output; material only when the adjusted decision changes,,,,,,,,,,,0.1506,0.1506,1.0,1.0
controlled_contrast,"('612693e89257efbea556329e409e00795052eda6d9d0ad9499ad7c050057cc23', 'a000db175227b76b84ada383d5bc825c2699cc39492749c401abf1cc70808c77')|rag_context|critical_contradiction_free",0.20000000000000018,0.20000000000000018,False,False,,effect direction may shift slightly with the canonical output; material only when the adjusted decision changes,,,,,,,,,,,0.9075606176124987,0.9075606176124987,1.0,1.0
controlled_contrast,"('612693e89257efbea556329e409e00795052eda6d9d0ad9499ad7c050057cc23', 'a000db175227b76b84ada383d5bc825c2699cc39492749c401abf1cc70808c77')|rag_context|critical_fields_score",-0.10000000000000009,-0.10000000000000009,False,False,,effect direction may shift slightly with the canonical output; material only when the adjusted decision changes,,,,,,,,,,,1.0,1.0,1.0,1.0
controlled_contrast,"('612693e89257efbea556329e409e00795052eda6d9d0ad9499ad7c050057cc23', 'a000db175227b76b84ada383d5bc825c2699cc39492749c401abf1cc70808c77')|rag_context|critical_omission_free",0.20000000000000018,0.20000000000000018,False,False,,effect direction may shift slightly with the canonical output; material only when the adjusted decision changes,,,,,,,,,,,0.8714146793645341,0.8714146793645341,1.0,1.0
controlled_contrast,"('612693e89257efbea556329e409e00795052eda6d9d0ad9499ad7c050057cc23', 'a000db175227b76b84ada383d5bc825c2699cc39492749c401abf1cc70808c77')|rag_context|prompt_coverage",0.0,0.0,False,False,,effect direction may shift slightly with the canonical output; material only when the adjusted decision changes,,,,,,,,,,,1.0,1.0,1.0,1.0
controlled_contrast,"('612693e89257efbea556329e409e00795052eda6d9d0ad9499ad7c050057cc23', 'a000db175227b76b84ada383d5bc825c2699cc39492749c401abf1cc70808c77')|rag_context|unsupported_addition_free",3.599999999999998,3.599999999999998,False,False,,effect direction may shift slightly with the canonical output; material only when the adjusted decision changes,,,,,,,,,,,0.01756222195277844,0.01756222195277844,1.0,1.0
controlled_contrast,"('7ce896085f32bbb04957d3d116ef1a0fa66582bd47e5c9166658242e0410b5ee', '879abd4533d9b0d07cf69a913c703cad4efe623dc6ecaeb99df9cef8b7a7581d')|ollama_context|citation_traceability",0.0,0.0,False,False,,effect direction may shift slightly with the canonical output; material only when the adjusted decision changes,,,,,,,,,,,1.0,1.0,1.0,1.0
controlled_contrast,"('7ce896085f32bbb04957d3d116ef1a0fa66582bd47e5c9166658242e0410b5ee', '879abd4533d9b0d07cf69a913c703cad4efe623dc6ecaeb99df9cef8b7a7581d')|ollama_context|claims_recall",-0.02722779349921078,-0.02722779349921078,False,False,,effect direction may shift slightly with the canonical output; material only when the adjusted decision changes,,,,,,,,,,,0.8706,0.852,1.0,1.0
controlled_contrast,"('7ce896085f32bbb04957d3d116ef1a0fa66582bd47e5c9166658242e0410b5ee', '879abd4533d9b0d07cf69a913c703cad4efe623dc6ecaeb99df9cef8b7a7581d')|ollama_context|critical_contradiction_free",-1.19999999999999,-1.19999999999999,False,False,,effect direction may shift slightly with the canonical output; material only when the adjusted decision changes,,,,,,,,,,,0.07295138851623051,0.07295138851623051,1.0,1.0
controlled_contrast,"('7ce896085f32bbb04957d3d116ef1a0fa66582bd47e5c9166658242e0410b5ee', '879abd4533d9b0d07cf69a913c703cad4efe623dc6ecaeb99df9cef8b7a7581d')|ollama_context|critical_fields_score",-0.30000000000000027,-0.30000000000000027,False,False,,effect direction may shift slightly with the canonical output; material only when the adjusted decision changes,,,,,,,,,,,0.7358788008568808,0.7358788008568808,1.0,1.0
controlled_contrast,"('7ce896085f32bbb04957d3d116ef1a0fa66582bd47e5c9166658242e0410b5ee', '879abd4533d9b0d07cf69a913c703cad4efe623dc6ecaeb99df9cef8b7a7581d')|ollama_context|critical_omission_free",-1.0000000000000009,-1.0000000000000009,False,False,,effect direction may shift slightly with the canonical output; material only when the adjusted decision changes,,,,,,,,,,,0.14330665429588407,0.14330665429588407,1.0,1.0
controlled_contrast,"('7ce896085f32bbb04957d3d116ef1a0fa66582bd47e5c9166658242e0410b5ee', '879abd4533d9b0d07cf69a913c703cad4efe623dc6ecaeb99df9cef8b7a7581d')|ollama_context|prompt_coverage",0.0,0.0,False,False,,effect direction may shift slightly with the canonical output; material only when the adjusted decision changes,,,,,,,,,,,1.0,1.0,1.0,1.0
controlled_contrast,"('7ce896085f32bbb04957d3d116ef1a0fa66582bd47e5c9166658242e0410b5ee', '879abd4533d9b0d07cf69a913c703cad4efe623dc6ecaeb99df9cef8b7a7581d')|ollama_context|unsupported_addition_free",-1.9999999999999907,-1.9999999999999907,False,False,,effect direction may shift slightly with the canonical output; material only when the adjusted decision changes,,,,,,,,,,,0.14719624433825096,0.14719624433825096,1.0,1.0
controlled_contrast,"('7ce896085f32bbb04957d3d116ef1a0fa66582bd47e5c9166658242e0410b5ee', 'a86b9fef45fab9019b4933934c2b5c068fe6c1d18d87de8304992dcbd081ab3d')|ollama_context|citation_traceability",0.0,0.0,False,False,,effect direction may shift slightly with the canonical output; material only when the adjusted decision changes,,,,,,,,,,,1.0,1.0,1.0,1.0
controlled_contrast,"('7ce896085f32bbb04957d3d116ef1a0fa66582bd47e5c9166658242e0410b5ee', 'a86b9fef45fab9019b4933934c2b5c068fe6c1d18d87de8304992dcbd081ab3d')|ollama_context|claims_recall",-0.19436309493574258,-0.19436309493574258,False,False,,effect direction may shift slightly with the canonical output; material only when the adjusted decision changes,,,,,,,,,,,0.2506,0.2416,1.0,1.0
controlled_contrast,"('7ce896085f32bbb04957d3d116ef1a0fa66582bd47e5c9166658242e0410b5ee', 'a86b9fef45fab9019b4933934c2b5c068fe6c1d18d87de8304992dcbd081ab3d')|ollama_context|critical_contradiction_free",0.20000000000000018,0.20000000000000018,False,False,,effect direction may shift slightly with the canonical output; material only when the adjusted decision changes,,,,,,,,,,,0.8505540192127228,0.8505540192127228,1.0,1.0
controlled_contrast,"('7ce896085f32bbb04957d3d116ef1a0fa66582bd47e5c9166658242e0410b5ee', 'a86b9fef45fab9019b4933934c2b5c068fe6c1d18d87de8304992dcbd081ab3d')|ollama_context|critical_fields_score",-0.7000000000000006,-0.7000000000000006,False,False,,effect direction may shift slightly with the canonical output; material only when the adjusted decision changes,,,,,,,,,,,0.28104151505976915,0.28104151505976915,1.0,1.0
controlled_contrast,"('7ce896085f32bbb04957d3d116ef1a0fa66582bd47e5c9166658242e0410b5ee', 'a86b9fef45fab9019b4933934c2b5c068fe6c1d18d87de8304992dcbd081ab3d')|ollama_context|critical_omission_free",-1.200000000000001,-1.200000000000001,False,False,,effect direction may shift slightly with the canonical output; material only when the adjusted decision changes,,,,,,,,,,,0.05761267291381955,0.05761267291381955,1.0,1.0
controlled_contrast,"('7ce896085f32bbb04957d3d116ef1a0fa66582bd47e5c9166658242e0410b5ee', 'a86b9fef45fab9019b4933934c2b5c068fe6c1d18d87de8304992dcbd081ab3d')|ollama_context|prompt_coverage",0.0,0.0,False,False,,effect direction may shift slightly with the canonical output; material only when the adjusted decision changes,,,,,,,,,,,1.0,1.0,1.0,1.0
controlled_contrast,"('7ce896085f32bbb04957d3d116ef1a0fa66582bd47e5c9166658242e0410b5ee', 'a86b9fef45fab9019b4933934c2b5c068fe6c1d18d87de8304992dcbd081ab3d')|ollama_context|unsupported_addition_free",0.0,0.0,False,False,,effect direction may shift slightly with the canonical output; material only when the adjusted decision changes,,,,,,,,,,,1.0,1.0,1.0,1.0
controlled_contrast,"('879abd4533d9b0d07cf69a913c703cad4efe623dc6ecaeb99df9cef8b7a7581d', 'a86b9fef45fab9019b4933934c2b5c068fe6c1d18d87de8304992dcbd081ab3d')|ollama_context|citation_traceability",0.0,0.0,False,False,,effect direction may shift slightly with the canonical output; material only when the adjusted decision changes,,,,,,,,,,,1.0,1.0,1.0,1.0
controlled_contrast,"('879abd4533d9b0d07cf69a913c703cad4efe623dc6ecaeb99df9cef8b7a7581d', 'a86b9fef45fab9019b4933934c2b5c068fe6c1d18d87de8304992dcbd081ab3d')|ollama_context|claims_recall",-0.16713530143653182,-0.16713530143653182,False,False,,effect direction may shift slightly with the canonical output; material only when the adjusted decision changes,,,,,,,,,,,0.3388,0.3382,1.0,1.0
controlled_contrast,"('879abd4533d9b0d07cf69a913c703cad4efe623dc6ecaeb99df9cef8b7a7581d', 'a86b9fef45fab9019b4933934c2b5c068fe6c1d18d87de8304992dcbd081ab3d')|ollama_context|critical_contradiction_free",1.3999999999999901,1.3999999999999901,False,False,,effect direction may shift slightly with the canonical output; material only when the adjusted decision changes,,,,,,,,,,,0.04355852192384191,0.04355852192384191,1.0,1.0
controlled_contrast,"('879abd4533d9b0d07cf69a913c703cad4efe623dc6ecaeb99df9cef8b7a7581d', 'a86b9fef45fab9019b4933934c2b5c068fe6c1d18d87de8304992dcbd081ab3d')|ollama_context|critical_fields_score",-0.40000000000000036,-0.40000000000000036,False,False,,effect direction may shift slightly with the canonical output; material only when the adjusted decision changes,,,,,,,,,,,0.651587827208914,0.651587827208914,1.0,1.0
controlled_contrast,"('879abd4533d9b0d07cf69a913c703cad4efe623dc6ecaeb99df9cef8b7a7581d', 'a86b9fef45fab9019b4933934c2b5c068fe6c1d18d87de8304992dcbd081ab3d')|ollama_context|critical_omission_free",-0.20000000000000018,-0.20000000000000018,False,False,,effect direction may shift slightly with the canonical output; material only when the adjusted decision changes,,,,,,,,,,,0.8829959121223965,0.8829959121223965,1.0,1.0
controlled_contrast,"('879abd4533d9b0d07cf69a913c703cad4efe623dc6ecaeb99df9cef8b7a7581d', 'a86b9fef45fab9019b4933934c2b5c068fe6c1d18d87de8304992dcbd081ab3d')|ollama_context|prompt_coverage",0.0,0.0,False,False,,effect direction may shift slightly with the canonical output; material only when the adjusted decision changes,,,,,,,,,,,1.0,1.0,1.0,1.0
controlled_contrast,"('879abd4533d9b0d07cf69a913c703cad4efe623dc6ecaeb99df9cef8b7a7581d', 'a86b9fef45fab9019b4933934c2b5c068fe6c1d18d87de8304992dcbd081ab3d')|ollama_context|unsupported_addition_free",1.9999999999999907,1.9999999999999907,False,False,,effect direction may shift slightly with the canonical output; material only when the adjusted decision changes,,,,,,,,,,,0.13766165019746568,0.13766165019746568,1.0,1.0
controlled_contrast,"('879abd4533d9b0d07cf69a913c703cad4efe623dc6ecaeb99df9cef8b7a7581d', 'ee6932382f3ca8c7de3e4c9caa6371a155c698514ff1de94e90a8b1a76298d07')|embedding_model|citation_traceability",0.0,0.0,False,False,,effect direction may shift slightly with the canonical output; material only when the adjusted decision changes,,,,,,,,,,,1.0,1.0,1.0,1.0
controlled_contrast,"('879abd4533d9b0d07cf69a913c703cad4efe623dc6ecaeb99df9cef8b7a7581d', 'ee6932382f3ca8c7de3e4c9caa6371a155c698514ff1de94e90a8b1a76298d07')|embedding_model|claims_recall",0.03876779398165352,0.03876779398165352,False,False,,effect direction may shift slightly with the canonical output; material only when the adjusted decision changes,,,,,,,,,,,0.8528,0.8272,1.0,1.0
controlled_contrast,"('879abd4533d9b0d07cf69a913c703cad4efe623dc6ecaeb99df9cef8b7a7581d', 'ee6932382f3ca8c7de3e4c9caa6371a155c698514ff1de94e90a8b1a76298d07')|embedding_model|critical_contradiction_free",0.30000000000000027,0.30000000000000027,False,False,,effect direction may shift slightly with the canonical output; material only when the adjusted decision changes,,,,,,,,,,,0.8284232741649004,0.8284232741649004,1.0,1.0
controlled_contrast,"('879abd4533d9b0d07cf69a913c703cad4efe623dc6ecaeb99df9cef8b7a7581d', 'ee6932382f3ca8c7de3e4c9caa6371a155c698514ff1de94e90a8b1a76298d07')|embedding_model|critical_fields_score",0.7000000000000006,0.7000000000000006,False,False,,effect direction may shift slightly with the canonical output; material only when the adjusted decision changes,,,,,,,,,,,0.4010619910279374,0.4010619910279374,1.0,1.0
controlled_contrast,"('879abd4533d9b0d07cf69a913c703cad4efe623dc6ecaeb99df9cef8b7a7581d', 'ee6932382f3ca8c7de3e4c9caa6371a155c698514ff1de94e90a8b1a76298d07')|embedding_model|critical_omission_free",0.20000000000000018,0.20000000000000018,False,False,,effect direction may shift slightly with the canonical output; material only when the adjusted decision changes,,,,,,,,,,,0.8898839652765371,0.8898839652765371,1.0,1.0
controlled_contrast,"('879abd4533d9b0d07cf69a913c703cad4efe623dc6ecaeb99df9cef8b7a7581d', 'ee6932382f3ca8c7de3e4c9caa6371a155c698514ff1de94e90a8b1a76298d07')|embedding_model|prompt_coverage",0.0,0.0,False,False,,effect direction may shift slightly with the canonical output; material only when the adjusted decision changes,,,,,,,,,,,1.0,1.0,1.0,1.0
controlled_contrast,"('879abd4533d9b0d07cf69a913c703cad4efe623dc6ecaeb99df9cef8b7a7581d', 'ee6932382f3ca8c7de3e4c9caa6371a155c698514ff1de94e90a8b1a76298d07')|embedding_model|unsupported_addition_free",9.700000000000003,9.700000000000003,False,False,,effect direction may shift slightly with the canonical output; material only when the adjusted decision changes,,,,,,,,,,,8.952937713228828e-08,8.952937713228828e-08,1.7010581655134774e-06,1.7010581655134774e-06
controlled_contrast,"('a000db175227b76b84ada383d5bc825c2699cc39492749c401abf1cc70808c77', 'a86b9fef45fab9019b4933934c2b5c068fe6c1d18d87de8304992dcbd081ab3d')|embedding_model|citation_traceability",0.0,0.0,False,False,,effect direction may shift slightly with the canonical output; material only when the adjusted decision changes,,,,,,,,,,,1.0,1.0,1.0,1.0
controlled_contrast,"('a000db175227b76b84ada383d5bc825c2699cc39492749c401abf1cc70808c77', 'a86b9fef45fab9019b4933934c2b5c068fe6c1d18d87de8304992dcbd081ab3d')|embedding_model|claims_recall",-0.3426103066701491,-0.3426103066701491,False,False,,effect direction may shift slightly with the canonical output; material only when the adjusted decision changes,,,,,,,,,,,0.0744,0.0778,1.0,1.0
controlled_contrast,"('a000db175227b76b84ada383d5bc825c2699cc39492749c401abf1cc70808c77', 'a86b9fef45fab9019b4933934c2b5c068fe6c1d18d87de8304992dcbd081ab3d')|embedding_model|critical_contradiction_free",1.4999999999999902,1.4999999999999902,False,False,,effect direction may shift slightly with the canonical output; material only when the adjusted decision changes,,,,,,,,,,,0.1006436775202357,0.1006436775202357,1.0,1.0
controlled_contrast,"('a000db175227b76b84ada383d5bc825c2699cc39492749c401abf1cc70808c77', 'a86b9fef45fab9019b4933934c2b5c068fe6c1d18d87de8304992dcbd081ab3d')|embedding_model|critical_fields_score",0.0,0.0,False,False,,effect direction may shift slightly with the canonical output; material only when the adjusted decision changes,,,,,,,,,,,1.0,1.0,1.0,1.0
controlled_contrast,"('a000db175227b76b84ada383d5bc825c2699cc39492749c401abf1cc70808c77', 'a86b9fef45fab9019b4933934c2b5c068fe6c1d18d87de8304992dcbd081ab3d')|embedding_model|critical_omission_free",-0.30000000000000027,-0.30000000000000027,False,False,,effect direction may shift slightly with the canonical output; material only when the adjusted decision changes,,,,,,,,,,,0.7708669945730264,0.7708669945730264,1.0,1.0
controlled_contrast,"('a000db175227b76b84ada383d5bc825c2699cc39492749c401abf1cc70808c77', 'a86b9fef45fab9019b4933934c2b5c068fe6c1d18d87de8304992dcbd081ab3d')|embedding_model|prompt_coverage",0.0,0.0,False,False,,effect direction may shift slightly with the canonical output; material only when the adjusted decision changes,,,,,,,,,,,1.0,1.0,1.0,1.0
controlled_contrast,"('a000db175227b76b84ada383d5bc825c2699cc39492749c401abf1cc70808c77', 'a86b9fef45fab9019b4933934c2b5c068fe6c1d18d87de8304992dcbd081ab3d')|embedding_model|unsupported_addition_free",10.499999999999998,10.499999999999998,False,False,,effect direction may shift slightly with the canonical output; material only when the adjusted decision changes,,,,,,,,,,,6.630020940113093e-09,6.630020940113093e-09,1.3260041880226185e-07,1.3260041880226185e-07
controlled_contrast,"('a000db175227b76b84ada383d5bc825c2699cc39492749c401abf1cc70808c77', 'ee6932382f3ca8c7de3e4c9caa6371a155c698514ff1de94e90a8b1a76298d07')|ollama_context|citation_traceability",0.0,0.0,False,False,,effect direction may shift slightly with the canonical output; material only when the adjusted decision changes,,,,,,,,,,,1.0,1.0,1.0,1.0
controlled_contrast,"('a000db175227b76b84ada383d5bc825c2699cc39492749c401abf1cc70808c77', 'ee6932382f3ca8c7de3e4c9caa6371a155c698514ff1de94e90a8b1a76298d07')|ollama_context|claims_recall",0.2142427992152708,0.2142427992152708,False,False,,effect direction may shift slightly with the canonical output; material only when the adjusted decision changes,,,,,,,,,,,0.2072,0.192,1.0,1.0
controlled_contrast,"('a000db175227b76b84ada383d5bc825c2699cc39492749c401abf1cc70808c77', 'ee6932382f3ca8c7de3e4c9caa6371a155c698514ff1de94e90a8b1a76298d07')|ollama_context|critical_contradiction_free",0.20000000000000018,0.20000000000000018,False,False,,effect direction may shift slightly with the canonical output; material only when the adjusted decision changes,,,,,,,,,,,0.8829959121223965,0.8829959121223965,1.0,1.0
controlled_contrast,"('a000db175227b76b84ada383d5bc825c2699cc39492749c401abf1cc70808c77', 'ee6932382f3ca8c7de3e4c9caa6371a155c698514ff1de94e90a8b1a76298d07')|ollama_context|critical_fields_score",0.30000000000000027,0.30000000000000027,False,False,,effect direction may shift slightly with the canonical output; material only when the adjusted decision changes,,,,,,,,,,,0.7283324808813632,0.7283324808813632,1.0,1.0
controlled_contrast,"('a000db175227b76b84ada383d5bc825c2699cc39492749c401abf1cc70808c77', 'ee6932382f3ca8c7de3e4c9caa6371a155c698514ff1de94e90a8b1a76298d07')|ollama_context|critical_omission_free",0.30000000000000027,0.30000000000000027,False,False,,effect direction may shift slightly with the canonical output; material only when the adjusted decision changes,,,,,,,,,,,0.711071103811264,0.711071103811264,1.0,1.0
controlled_contrast,"('a000db175227b76b84ada383d5bc825c2699cc39492749c401abf1cc70808c77', 'ee6932382f3ca8c7de3e4c9caa6371a155c698514ff1de94e90a8b1a76298d07')|ollama_context|prompt_coverage",0.0,0.0,False,False,,effect direction may shift slightly with the canonical output; material only when the adjusted decision changes,,,,,,,,,,,1.0,1.0,1.0,1.0
controlled_contrast,"('a000db175227b76b84ada383d5bc825c2699cc39492749c401abf1cc70808c77', 'ee6932382f3ca8c7de3e4c9caa6371a155c698514ff1de94e90a8b1a76298d07')|ollama_context|unsupported_addition_free",1.1999999999999955,1.1999999999999955,False,False,,effect direction may shift slightly with the canonical output; material only when the adjusted decision changes,,,,,,,,,,,0.3785370170481047,0.3785370170481047,1.0,1.0
controlled_contrast,"('a86b9fef45fab9019b4933934c2b5c068fe6c1d18d87de8304992dcbd081ab3d', 'da3f812eea2ca139d9208d637f531d885b3735aa2be9f9a2563c1e0eb5642882')|rag_context|citation_traceability",0.0,0.0,False,False,,effect direction may shift slightly with the canonical output; material only when the adjusted decision changes,,,,,,,,,,,1.0,1.0,1.0,1.0
controlled_contrast,"('a86b9fef45fab9019b4933934c2b5c068fe6c1d18d87de8304992dcbd081ab3d', 'da3f812eea2ca139d9208d637f531d885b3735aa2be9f9a2563c1e0eb5642882')|rag_context|claims_recall",0.1276081699956636,0.1276081699956636,False,False,,effect direction may shift slightly with the canonical output; material only when the adjusted decision changes,,,,,,,,,,,0.5168,0.505,1.0,1.0
controlled_contrast,"('a86b9fef45fab9019b4933934c2b5c068fe6c1d18d87de8304992dcbd081ab3d', 'da3f812eea2ca139d9208d637f531d885b3735aa2be9f9a2563c1e0eb5642882')|rag_context|critical_contradiction_free",-0.9000000000000008,-0.9000000000000008,False,False,,effect direction may shift slightly with the canonical output; material only when the adjusted decision changes,,,,,,,,,,,0.24296021728332562,0.24296021728332562,1.0,1.0
controlled_contrast,"('a86b9fef45fab9019b4933934c2b5c068fe6c1d18d87de8304992dcbd081ab3d', 'da3f812eea2ca139d9208d637f531d885b3735aa2be9f9a2563c1e0eb5642882')|rag_context|critical_fields_score",0.0,0.0,False,False,,effect direction may shift slightly with the canonical output; material only when the adjusted decision changes,,,,,,,,,,,1.0,1.0,1.0,1.0
controlled_contrast,"('a86b9fef45fab9019b4933934c2b5c068fe6c1d18d87de8304992dcbd081ab3d', 'da3f812eea2ca139d9208d637f531d885b3735aa2be9f9a2563c1e0eb5642882')|rag_context|critical_omission_free",0.5000000000000004,0.5000000000000004,False,False,,effect direction may shift slightly with the canonical output; material only when the adjusted decision changes,,,,,,,,,,,0.542384011856484,0.542384011856484,1.0,1.0
controlled_contrast,"('a86b9fef45fab9019b4933934c2b5c068fe6c1d18d87de8304992dcbd081ab3d', 'da3f812eea2ca139d9208d637f531d885b3735aa2be9f9a2563c1e0eb5642882')|rag_context|prompt_coverage",0.0,0.0,False,False,,effect direction may shift slightly with the canonical output; material only when the adjusted decision changes,,,,,,,,,,,1.0,1.0,1.0,1.0
controlled_contrast,"('a86b9fef45fab9019b4933934c2b5c068fe6c1d18d87de8304992dcbd081ab3d', 'da3f812eea2ca139d9208d637f531d885b3735aa2be9f9a2563c1e0eb5642882')|rag_context|unsupported_addition_free",-4.199999999999992,-4.199999999999992,False,False,,effect direction may shift slightly with the canonical output; material only when the adjusted decision changes,,,,,,,,,,,0.004747816761309484,0.004747816761309484,0.4273035085178536,0.4273035085178536
controlled_contrast,"('a86b9fef45fab9019b4933934c2b5c068fe6c1d18d87de8304992dcbd081ab3d', 'dd4a8f47032a345d96575bf854fbcb9ce57f9524e43c1d7a79f19179182d2702')|rag_context|citation_traceability",0.0,0.0,False,False,,effect direction may shift slightly with the canonical output; material only when the adjusted decision changes,,,,,,,,,,,1.0,1.0,1.0,1.0
controlled_contrast,"('a86b9fef45fab9019b4933934c2b5c068fe6c1d18d87de8304992dcbd081ab3d', 'dd4a8f47032a345d96575bf854fbcb9ce57f9524e43c1d7a79f19179182d2702')|rag_context|claims_recall",0.5376945547905879,0.5376945547905879,False,False,,effect direction may shift slightly with the canonical output; material only when the adjusted decision changes,,,,,,,,,,,0.0056,0.0068,0.4984,0.6052
controlled_contrast,"('a86b9fef45fab9019b4933934c2b5c068fe6c1d18d87de8304992dcbd081ab3d', 'dd4a8f47032a345d96575bf854fbcb9ce57f9524e43c1d7a79f19179182d2702')|rag_context|critical_contradiction_free",-0.5000000000000004,-0.5000000000000004,False,False,,effect direction may shift slightly with the canonical output; material only when the adjusted decision changes,,,,,,,,,,,0.5514843298025198,0.5514843298025198,1.0,1.0
controlled_contrast,"('a86b9fef45fab9019b4933934c2b5c068fe6c1d18d87de8304992dcbd081ab3d', 'dd4a8f47032a345d96575bf854fbcb9ce57f9524e43c1d7a79f19179182d2702')|rag_context|critical_fields_score",0.20000000000000018,0.20000000000000018,False,False,,effect direction may shift slightly with the canonical output; material only when the adjusted decision changes,,,,,,,,,,,0.8829959121223965,0.8829959121223965,1.0,1.0
controlled_contrast,"('a86b9fef45fab9019b4933934c2b5c068fe6c1d18d87de8304992dcbd081ab3d', 'dd4a8f47032a345d96575bf854fbcb9ce57f9524e43c1d7a79f19179182d2702')|rag_context|critical_omission_free",0.10000000000000009,0.10000000000000009,False,False,,effect direction may shift slightly with the canonical output; material only when the adjusted decision changes,,,,,,,,,,,1.0,1.0,1.0,1.0
controlled_contrast,"('a86b9fef45fab9019b4933934c2b5c068fe6c1d18d87de8304992dcbd081ab3d', 'dd4a8f47032a345d96575bf854fbcb9ce57f9524e43c1d7a79f19179182d2702')|rag_context|prompt_coverage",0.0,0.0,False,False,,effect direction may shift slightly with the canonical output; material only when the adjusted decision changes,,,,,,,,,,,1.0,1.0,1.0,1.0
controlled_contrast,"('a86b9fef45fab9019b4933934c2b5c068fe6c1d18d87de8304992dcbd081ab3d', 'dd4a8f47032a345d96575bf854fbcb9ce57f9524e43c1d7a79f19179182d2702')|rag_context|unsupported_addition_free",-4.5999999999999925,-4.5999999999999925,False,False,,effect direction may shift slightly with the canonical output; material only when the adjusted decision changes,,,,,,,,,,,0.002449210560676186,0.002449210560676186,0.2228781610215329,0.2228781610215329
controlled_contrast,"('da3f812eea2ca139d9208d637f531d885b3735aa2be9f9a2563c1e0eb5642882', 'dd4a8f47032a345d96575bf854fbcb9ce57f9524e43c1d7a79f19179182d2702')|rag_context|citation_traceability",0.0,0.0,False,False,,effect direction may shift slightly with the canonical output; material only when the adjusted decision changes,,,,,,,,,,,1.0,1.0,1.0,1.0
controlled_contrast,"('da3f812eea2ca139d9208d637f531d885b3735aa2be9f9a2563c1e0eb5642882', 'dd4a8f47032a345d96575bf854fbcb9ce57f9524e43c1d7a79f19179182d2702')|rag_context|claims_recall",0.41008638479492443,0.41008638479492443,False,False,,effect direction may shift slightly with the canonical output; material only when the adjusted decision changes,,,,,,,,,,,0.0208,0.0208,1.0,1.0
controlled_contrast,"('da3f812eea2ca139d9208d637f531d885b3735aa2be9f9a2563c1e0eb5642882', 'dd4a8f47032a345d96575bf854fbcb9ce57f9524e43c1d7a79f19179182d2702')|rag_context|critical_contradiction_free",0.40000000000000036,0.40000000000000036,False,False,,effect direction may shift slightly with the canonical output; material only when the adjusted decision changes,,,,,,,,,,,0.6358280026288412,0.6358280026288412,1.0,1.0
controlled_contrast,"('da3f812eea2ca139d9208d637f531d885b3735aa2be9f9a2563c1e0eb5642882', 'dd4a8f47032a345d96575bf854fbcb9ce57f9524e43c1d7a79f19179182d2702')|rag_context|critical_fields_score",0.20000000000000018,0.20000000000000018,False,False,,effect direction may shift slightly with the canonical output; material only when the adjusted decision changes,,,,,,,,,,,0.8679394004284404,0.8679394004284404,1.0,1.0
controlled_contrast,"('da3f812eea2ca139d9208d637f531d885b3735aa2be9f9a2563c1e0eb5642882', 'dd4a8f47032a345d96575bf854fbcb9ce57f9524e43c1d7a79f19179182d2702')|rag_context|critical_omission_free",-0.40000000000000036,-0.40000000000000036,False,False,,effect direction may shift slightly with the canonical output; material only when the adjusted decision changes,,,,,,,,,,,0.5966148958541453,0.5966148958541453,1.0,1.0
controlled_contrast,"('da3f812eea2ca139d9208d637f531d885b3735aa2be9f9a2563c1e0eb5642882', 'dd4a8f47032a345d96575bf854fbcb9ce57f9524e43c1d7a79f19179182d2702')|rag_context|prompt_coverage",0.0,0.0,False,False,,effect direction may shift slightly with the canonical output; material only when the adjusted decision changes,,,,,,,,,,,1.0,1.0,1.0,1.0
controlled_contrast,"('da3f812eea2ca139d9208d637f531d885b3735aa2be9f9a2563c1e0eb5642882', 'dd4a8f47032a345d96575bf854fbcb9ce57f9524e43c1d7a79f19179182d2702')|rag_context|unsupported_addition_free",-0.40000000000000036,-0.40000000000000036,False,False,,effect direction may shift slightly with the canonical output; material only when the adjusted decision changes,,,,,,,,,,,0.811456607204291,0.811456607204291,1.0,1.0
controlled_contrast,"('dbdd606368eeb5a57a47b2b72ed988ad18ae778d67ce9de530c281942d8108b4', 'ee6932382f3ca8c7de3e4c9caa6371a155c698514ff1de94e90a8b1a76298d07')|rag_context|citation_traceability",0.0,0.0,False,False,,effect direction may shift slightly with the canonical output; material only when the adjusted decision changes,,,,,,,,,,,1.0,1.0,1.0,1.0
controlled_contrast,"('dbdd606368eeb5a57a47b2b72ed988ad18ae778d67ce9de530c281942d8108b4', 'ee6932382f3ca8c7de3e4c9caa6371a155c698514ff1de94e90a8b1a76298d07')|rag_context|claims_recall",0.11192209271514805,0.11192209271514805,False,False,,effect direction may shift slightly with the canonical output; material only when the adjusted decision changes,,,,,,,,,,,0.5162,0.523,1.0,1.0
controlled_contrast,"('dbdd606368eeb5a57a47b2b72ed988ad18ae778d67ce9de530c281942d8108b4', 'ee6932382f3ca8c7de3e4c9caa6371a155c698514ff1de94e90a8b1a76298d07')|rag_context|critical_contradiction_free",-0.20000000000000018,-0.20000000000000018,False,False,,effect direction may shift slightly with the canonical output; material only when the adjusted decision changes,,,,,,,,,,,0.8956832138895903,0.8956832138895903,1.0,1.0
controlled_contrast,"('dbdd606368eeb5a57a47b2b72ed988ad18ae778d67ce9de530c281942d8108b4', 'ee6932382f3ca8c7de3e4c9caa6371a155c698514ff1de94e90a8b1a76298d07')|rag_context|critical_fields_score",0.7000000000000006,0.7000000000000006,False,False,,effect direction may shift slightly with the canonical output; material only when the adjusted decision changes,,,,,,,,,,,0.38169339766321286,0.38169339766321286,1.0,1.0
controlled_contrast,"('dbdd606368eeb5a57a47b2b72ed988ad18ae778d67ce9de530c281942d8108b4', 'ee6932382f3ca8c7de3e4c9caa6371a155c698514ff1de94e90a8b1a76298d07')|rag_context|critical_omission_free",0.9000000000000008,0.9000000000000008,False,False,,effect direction may shift slightly with the canonical output; material only when the adjusted decision changes,,,,,,,,,,,0.2528697301676033,0.2528697301676033,1.0,1.0
controlled_contrast,"('dbdd606368eeb5a57a47b2b72ed988ad18ae778d67ce9de530c281942d8108b4', 'ee6932382f3ca8c7de3e4c9caa6371a155c698514ff1de94e90a8b1a76298d07')|rag_context|prompt_coverage",0.0,0.0,False,False,,effect direction may shift slightly with the canonical output; material only when the adjusted decision changes,,,,,,,,,,,1.0,1.0,1.0,1.0
controlled_contrast,"('dbdd606368eeb5a57a47b2b72ed988ad18ae778d67ce9de530c281942d8108b4', 'ee6932382f3ca8c7de3e4c9caa6371a155c698514ff1de94e90a8b1a76298d07')|rag_context|unsupported_addition_free",-3.200000000000003,-3.200000000000003,False,False,,effect direction may shift slightly with the canonical output; material only when the adjusted decision changes,,,,,,,,,,,0.03383644997039053,0.03383644997039053,1.0,1.0
hyperparameter_conclusion,significant_effect_families,"('embedding_model', 'unsupported_addition_free')","('embedding_model', 'unsupported_addition_free')",False,False,,no causal attribution beyond controlled contrasts,,,,,,,,,,,,,,
effect_summary,embedding_model|citation_traceability,0.0,0.0,False,False,,descriptive effect summary,,,,,,,,,,,,,,
effect_summary,embedding_model|claims_recall,0.0003876779398165352,0.0003876779398165352,False,False,,descriptive effect summary,,,,,,,,,,,,,,
effect_summary,embedding_model|critical_contradiction_free,0.004,0.004,False,False,,descriptive effect summary,,,,,,,,,,,,,,
effect_summary,embedding_model|critical_fields_score,0.0,0.0,False,False,,descriptive effect summary,,,,,,,,,,,,,,
effect_summary,embedding_model|critical_omission_free,0.001,0.001,False,False,,descriptive effect summary,,,,,,,,,,,,,,
effect_summary,embedding_model|prompt_coverage,0.0,0.0,False,False,,descriptive effect summary,,,,,,,,,,,,,,
effect_summary,embedding_model|unsupported_addition_free,0.105,0.105,False,False,,descriptive effect summary,,,,,,,,,,,,,,
effect_summary,ollama_context|citation_traceability,0.0,0.0,False,False,,descriptive effect summary,,,,,,,,,,,,,,
effect_summary,ollama_context|claims_recall,-0.0002722779349921078,-0.0002722779349921078,False,False,,descriptive effect summary,,,,,,,,,,,,,,
effect_summary,ollama_context|critical_contradiction_free,0.002,0.002,False,False,,descriptive effect summary,,,,,,,,,,,,,,
effect_summary,ollama_context|critical_fields_score,-0.003,-0.003,False,False,,descriptive effect summary,,,,,,,,,,,,,,
effect_summary,ollama_context|critical_omission_free,-0.002,-0.002,False,False,,descriptive effect summary,,,,,,,,,,,,,,
effect_summary,ollama_context|prompt_coverage,0.0,0.0,False,False,,descriptive effect summary,,,,,,,,,,,,,,
effect_summary,ollama_context|unsupported_addition_free,0.012,0.012,False,False,,descriptive effect summary,,,,,,,,,,,,,,
effect_summary,pool|citation_traceability,,,False,False,,descriptive effect summary,,,,,,,,,,,,,,
effect_summary,pool|claims_recall,,,False,False,,descriptive effect summary,,,,,,,,,,,,,,
effect_summary,pool|critical_contradiction_free,,,False,False,,descriptive effect summary,,,,,,,,,,,,,,
effect_summary,pool|critical_fields_score,,,False,False,,descriptive effect summary,,,,,,,,,,,,,,
effect_summary,pool|critical_omission_free,,,False,False,,descriptive effect summary,,,,,,,,,,,,,,
effect_summary,pool|prompt_coverage,,,False,False,,descriptive effect summary,,,,,,,,,,,,,,
effect_summary,pool|unsupported_addition_free,,,False,False,,descriptive effect summary,,,,,,,,,,,,,,
effect_summary,rag_context|citation_traceability,0.0,0.0,False,False,,descriptive effect summary,,,,,,,,,,,,,,
effect_summary,rag_context|claims_recall,0.001355865027223131,0.0012760816999566361,True,False,,descriptive effect summary,,,,,,,,,,,,,,
effect_summary,rag_context|critical_contradiction_free,0.0,-0.002,True,False,,descriptive effect summary,,,,,,,,,,,,,,
effect_summary,rag_context|critical_fields_score,0.0,0.002,True,False,,descriptive effect summary,,,,,,,,,,,,,,
effect_summary,rag_context|critical_omission_free,0.001,0.002,True,False,,descriptive effect summary,,,,,,,,,,,,,,
effect_summary,rag_context|prompt_coverage,0.0,0.0,False,False,,descriptive effect summary,,,,,,,,,,,,,,
effect_summary,rag_context|unsupported_addition_free,-0.01,-0.02,True,False,,descriptive effect summary,,,,,,,,,,,,,,
effect_summary,threshold|citation_traceability,,,False,False,,descriptive effect summary,,,,,,,,,,,,,,
effect_summary,threshold|claims_recall,,,False,False,,descriptive effect summary,,,,,,,,,,,,,,
effect_summary,threshold|critical_contradiction_free,,,False,False,,descriptive effect summary,,,,,,,,,,,,,,
effect_summary,threshold|critical_fields_score,,,False,False,,descriptive effect summary,,,,,,,,,,,,,,
effect_summary,threshold|critical_omission_free,,,False,False,,descriptive effect summary,,,,,,,,,,,,,,
effect_summary,threshold|prompt_coverage,,,False,False,,descriptive effect summary,,,,,,,,,,,,,,
effect_summary,threshold|unsupported_addition_free,,,False,False,,descriptive effect summary,,,,,,,,,,,,,,
effect_summary,top_k|citation_traceability,,,False,False,,descriptive effect summary,,,,,,,,,,,,,,
effect_summary,top_k|claims_recall,,,False,False,,descriptive effect summary,,,,,,,,,,,,,,
effect_summary,top_k|critical_contradiction_free,,,False,False,,descriptive effect summary,,,,,,,,,,,,,,
effect_summary,top_k|critical_fields_score,,,False,False,,descriptive effect summary,,,,,,,,,,,,,,
effect_summary,top_k|critical_omission_free,,,False,False,,descriptive effect summary,,,,,,,,,,,,,,
effect_summary,top_k|prompt_coverage,,,False,False,,descriptive effect summary,,,,,,,,,,,,,,
effect_summary,top_k|unsupported_addition_free,,,False,False,,descriptive effect summary,,,,,,,,,,,,,,
